employee_id,employee_name,department,email,phone,salary
1,Chanchal Deshmukh,HR,gillhemal@example.com,2028799505,456511
2,Vidhi Bir,Compliance,janujasharaf@example.org,2071707665,1585645
3,Raksha Aggarwal,HR,samarthmutti@example.org,1287952361,1848925
4,Vincent Mukhopadhyay,Operations,ekantaminhas@example.com,9902082762,1691299
5,Falan Iyengar,Operations,ramakrishnandominic@example.com,5240040080,1575464
6,Oni Nagy,Security,akeer@example.com,7162357939,1854757
7,Samar Bhardwaj,Compliance,abha51@example.com,3082003622,1603361
8,Manan Bumb,Compliance,issacnaveen@example.com,2815009114,1301463
9,Wriddhish Bandi,Finance,niharika96@example.org,1207314490,883168
10,Widisha Chauhan,Operations,maanav23@example.net,7982091183,554927
11,Patrick Mani,HR,mandacharles@example.com,4816913496,1746873
12,Ubika Chhabra,Finance,ymohanty@example.org,3970472169,903621
13,Gautami Soman,Finance,dgokhale@example.com,1986657632,1763798
14,Mahika Kari,Operations,vorameera@example.net,0178811909,1395943
15,Imaran Mall,HR,patelyatan@example.org,2832440103,1169841
16,Ira Wadhwa,Finance,sachichand@example.org,0320898972,1038268
17,Darsh Prabhakar,HR,khalsaraksha@example.org,2988472051,569006
18,Ronith Misra,Compliance,vanyasura@example.org,7615494552,1459993
19,Zinal Rai,Security,bhavini72@example.org,2838439697,1176052
20,Yauvani Bir,Compliance,eshana97@example.net,1517770232,1248485
21,Kashish D’Alia,Operations,sanaya81@example.org,3171187324,1551941
22,Osha Bath,HR,patrick49@example.com,0484379092,1526822
23,Tripti Loke,IT,ishani48@example.com,9335764579,1485064
24,Siya Nazareth,Operations,madhavi48@example.org,6468054282,436529
25,Shivani Korpal,Security,frederick77@example.com,8158500691,1292590
26,Imaran Deep,Finance,qmurthy@example.com,3739695216,1668400
27,Tanvi Sibal,Compliance,qasim94@example.org,6761806112,1753978
28,Yochana Verma,IT,sathviksant@example.org,3475960417,637586
29,Yahvi Patla,HR,umanggala@example.com,2847866617,1319244
30,Amruta Mangat,Finance,lsaraf@example.com,7290264404,1188857
31,Zansi Chhabra,Finance,borapahal@example.net,9303327111,459300
32,Wridesh Kala,IT,paninijoshi@example.com,9456778105,890704
33,Anay Narula,Security,zdewan@example.org,2489172064,1455502
34,Chandran Vyas,IT,kalabalendra@example.net,8485368427,492122
35,Baljiwan Dani,Operations,gopalmohanty@example.org,0707145320,1862464
36,Gayathri Tak,Operations,laban54@example.org,4867048690,1047284
37,Gautami Din,IT,samakshmemon@example.com,2484706304,1519230
38,Hamsini Banik,IT,jbaral@example.com,2792525145,1747858
39,Anmol Ghosh,HR,ghoshvasana@example.org,8887037958,1584017
40,Vinaya Gulati,Finance,pallnetra@example.com,3136924075,1717439
41,Manbir Gulati,Compliance,anushaganguly@example.net,2398234000,1462137
42,Libni Narain,HR,varshapandey@example.org,3527921764,414434
43,Wazir Tella,Finance,nandini94@example.net,7022481652,1467240
44,Simon Balay,IT,hitesh80@example.org,2354776916,659351
45,Irya Bali,Operations,mbumb@example.net,5455296503,1458971
46,Ekaraj Minhas,HR,yogiliam@example.com,7032498722,1533157
47,Kashvi Dhar,Operations,darpanjoshi@example.org,1318996135,1628029
48,Unni More,HR,niteshsoni@example.net,8226262162,1552884
49,Tanish Chada,Security,oahuja@example.net,1227278211,1150595
50,Timothy Kala,Security,odika35@example.com,8014092801,1646547
51,Dayamai Natarajan,Compliance,adweta81@example.org,6286794380,1809279
52,Ansh Krishnamurthy,Operations,tkohli@example.com,6670912408,1246315
53,Mitesh Ratti,Operations,sinhaomya@example.com,0989717137,903005
54,Urmi Walia,IT,girishnayak@example.com,5074048854,1129975
55,George Mander,IT,kashvi75@example.net,9559065766,1661086
56,Sachi Konda,Compliance,zarnashan@example.org,8707960602,1878369
57,Jhalak Dhar,Compliance,vasatika33@example.com,5415514119,928954
58,Ronith Varkey,Security,mason44@example.com,5745296320,1592389
59,Aarnav Banerjee,Security,hboase@example.com,5448068549,1042246
60,Lucky Gupta,Security,hgopal@example.org,7648536061,896627
61,Janani Chauhan,Compliance,nnanda@example.org,3352289440,563137
62,Yashvi Keer,Operations,girindrakannan@example.net,9655168387,1899197
63,Brinda Bhat,HR,christopher78@example.org,9375446096,1302162
64,Jagrati Panchal,IT,lkarpe@example.net,6478834391,674629
65,Wazir Bhatnagar,Compliance,gganesan@example.com,7063505664,1326030
66,Pavani Nadkarni,Security,agrewal@example.org,9152775660,985198
67,Tristan Madan,Compliance,sudikshachaudhuri@example.org,8589952984,1401439
68,Vasatika Singhal,IT,unnati93@example.com,8136685008,1306046
69,Yasti Kamdar,Security,ulal@example.net,7917752254,599416
70,Atharv Sagar,HR,yugsrinivas@example.org,6608692249,842485
71,Banjeet Bhalla,Security,lavanya76@example.net,5413840725,1224627
72,Unni Mandal,Finance,edwinowen@example.org,9973437397,1522447
73,Lila Jaggi,Security,kbarman@example.com,6245333584,479581
74,Xiti Biswas,HR,azad18@example.org,4276742553,1056566
75,Gabriel Patla,HR,omajadora@example.org,3753407216,1759128
76,Nachiket Thaman,IT,vohraradha@example.com,7862785517,462439
77,Urvashi Goel,Finance,vrinda20@example.org,5821642058,1116102
78,Alexander Sehgal,Finance,harrison97@example.net,3286986556,831707
79,Lopa Keer,HR,brahmbhattpatrick@example.org,9996442046,1231212
80,Keya Sachdev,Finance,onair@example.org,7211761838,1585922
81,Chavvi Sandhu,Security,pchaudhary@example.com,5284204271,1296870
82,Sara Vala,Operations,fchanda@example.org,5680794800,432733
83,Praneel Kala,Security,rsolanki@example.com,0431848575,1567992
84,George Dua,Security,djhaveri@example.org,9010629089,1259230
85,Upma Oza,Finance,narayanananita@example.com,6272511058,1201076
86,Finn Tara,HR,ommurty@example.com,1039810915,543300
87,Rohan Choudhury,Compliance,advaith70@example.com,0160677953,1842575
88,Wakeeta Puri,Security,udantsura@example.net,4163628310,421251
89,Jeevika Mandal,Finance,omishra@example.net,5111216014,1480915
90,Chameli Desai,Security,umang15@example.com,5417697394,1912425
91,Aadhya Chada,Finance,hitesh49@example.com,8774471584,954686
92,Yashodhara Kala,IT,zilmilbhasin@example.com,9053139161,915308
93,Sai Saha,Finance,sulejoshua@example.org,0023036861,1253554
94,Harsh Tella,Operations,yagnesh04@example.com,7901957732,610626
95,Yashica Badami,IT,surabhavya@example.com,3863767659,1441872
96,Chakrika Kar,Operations,indaliwagle@example.net,1595674764,1018167
97,Jagvi Luthra,Operations,anika81@example.org,8510518397,566635
98,Rushil Magar,HR,anjali06@example.com,1728149049,1783914
99,Faris Doctor,Finance,urishilla07@example.net,2657898636,1612380
100,Vaishnavi Parmar,IT,rakshabarad@example.org,3798868224,1417828
101,Oeshi Sarkar,IT,qasim07@example.org,9892908964,740418
102,Leela Karpe,Operations,charitade@example.org,7478835953,1467566
103,Sanaya Devi,Finance,sarnashivansh@example.net,6005684018,768412
104,Jagat Warrior,Compliance,ekanta96@example.org,7676616065,1122348
105,Krish Dar,IT,cdevan@example.org,3699595610,1525266
106,Umang Raval,Operations,srinivasanraagini@example.org,0477688700,497395
107,Advaith Raj,Compliance,noahnagy@example.org,1644451592,741789
108,Garima Kumar,Compliance,kkala@example.org,7001034533,530531
109,Brinda Verma,Operations,andrapushti@example.com,0083065686,1501987
110,Ansh Murty,Security,xravel@example.org,6588852424,1253259
111,Abeer Shanker,HR,ekbal90@example.com,7173509637,1911869
112,Omkaar Setty,Operations,wsodhi@example.com,7868414196,561333
113,Ikshita Hegde,Security,jeetbhardwaj@example.org,3526072349,553958
114,Janaki Vaidya,Security,tatwal@example.net,1047041046,452283
115,Sanaya Mammen,HR,nitesharya@example.com,2350699816,1182453
116,Oviya Dave,Security,bainsosha@example.com,4233615678,1604544
117,Azad Amble,HR,krisha17@example.net,2337752512,1250013
118,Matthew Luthra,Finance,charlesrege@example.org,8828550226,720352
119,Oviya Kapoor,Security,varsha45@example.net,1764142167,400864
120,Hiral Shenoy,HR,gbose@example.com,2678544089,1870731
121,Shaurya Pillai,Finance,mishramohini@example.com,5654945787,1347877
122,Lavanya Das,IT,saraboase@example.net,3575790423,1719009
123,Urvi Nagy,IT,advaith74@example.net,7209944769,1207433
124,Bishakha Chander,Security,dasnathaniel@example.net,7038636969,1675764
125,Sai Buch,IT,wazir88@example.com,0918570021,1787955
126,Rohan Basu,Compliance,bishakhawable@example.net,5688603463,1824798
127,Daniel Talwar,Operations,faqidpau@example.net,7420769417,436618
128,Leena Venkatesh,Security,mangalvarsha@example.net,1702622302,1357705
129,Zehaan Jhaveri,Compliance,sdivan@example.com,3482415581,863118
130,Falak Mitter,Security,aryanbarad@example.com,7727170049,1536659
131,Advik Johal,Finance,urmi08@example.org,2850370836,826750
132,Mohini Mitra,Operations,zverma@example.net,0145226330,960944
133,William Parsa,Compliance,ysamra@example.com,9595910255,1784908
134,Advika Kant,HR,chakrikapillai@example.org,1522739076,1385264
135,Gavin Lanka,Operations,avisachdeva@example.org,3668165705,1826621
136,Warjas Chhabra,Operations,upkaar84@example.com,2439164348,678217
137,Advik Sahota,IT,advika29@example.com,2657696097,852980
138,Raksha Basak,Finance,bariaekantika@example.com,6155017938,1654382
139,Xalak Bala,Operations,dayamaichana@example.org,6700441193,751402
140,Hredhaan Bhargava,IT,ishanvi17@example.com,6195202258,1859998
141,Faras Chakrabarti,HR,pbasak@example.net,1523873483,893635
142,Sara Iyengar,Operations,sara80@example.net,9263592894,1371051
143,Yashvi Ganguly,Compliance,hemalgaba@example.org,7872340299,884782
144,Timothy Kapadia,IT,vbora@example.org,1489359986,856822
145,Kavya Kohli,Finance,tsachar@example.net,2809657401,1045876
146,Matthew Andra,IT,charansehgal@example.org,7815173481,870227
147,Liam Rastogi,HR,ushan@example.org,5536295553,1125878
148,Anay Yogi,Compliance,aayushbava@example.org,6866084923,889846
149,Chaaya Srinivasan,Finance,anvi47@example.org,8099747809,1925632
150,Bhavika Dua,IT,vrinda07@example.net,4482187655,1706044
151,Indali Solanki,Operations,ishaan40@example.com,2779601489,986799
152,Dev Mitra,Security,nihal08@example.com,5601111855,964370
153,Xiti Gala,HR,chanakyasant@example.org,8494578547,1157498
154,Falguni Pillay,Finance,garima61@example.net,0575910314,1786958
155,Raagini Palan,Operations,vrajagopalan@example.org,6085015755,1546621
156,Maanas Sankar,HR,regejanuja@example.org,1505064263,1061534
157,Caleb Choudhry,IT,npalla@example.org,0654230622,497992
158,Anya Savant,Operations,chameli17@example.net,7872095408,449865
159,Nitesh Dugal,Security,bchacko@example.net,0164973032,653059
160,Rohan Raval,Operations,bimaladada@example.net,1536295212,705026
161,Samar Dhingra,Operations,sahnidamini@example.com,2939254406,1386251
162,Rohan Dewan,Security,parmercharvi@example.net,7844869727,995978
163,Megha Keer,Compliance,rkashyap@example.org,6992134301,1926273
164,Vedika Mittal,Finance,liamdubey@example.com,5850599485,682217
165,Ekta Kumar,Compliance,bhavani21@example.org,8422191492,711846
166,Yoshita Mody,Compliance,arjuniyengar@example.org,2342514678,616443
167,Upkaar Bhagat,Compliance,harinichandran@example.com,0418241284,733077
168,Vedika Chaudhry,Compliance,agarwalgayathri@example.net,8802691252,1900672
169,Manthan Ganguly,Security,qarinnagy@example.org,3053578686,1577991
170,Anika Arya,Compliance,zkulkarni@example.com,8643521272,583684
171,Victor Barad,HR,vmunshi@example.com,0225098467,1468830
172,Warjas Chaudhry,Finance,jyotimukhopadhyay@example.org,9657062815,1338580
173,Daksha Mane,Security,palanjali@example.net,4682965873,1481760
174,Wishi Nanda,IT,vihaan06@example.com,7449962952,1605721
175,Arin Sanghvi,IT,chakrabortyindali@example.com,6429225253,1377180
176,Nirja Saxena,Operations,schaudhary@example.net,9339308643,1313029
177,Chanakya Anne,HR,yashawinibuch@example.net,8698668036,1086511
178,Xiti Mutti,Operations,alexanderkonda@example.com,7942937642,1809003
179,Krishna Wagle,Finance,royjason@example.org,3249946768,894207
180,Aradhana Kadakia,Operations,shankergaurang@example.net,9041049195,1473437
181,Kiaan Upadhyay,Finance,waida20@example.com,2905044060,1236175
182,Chavvi Kumer,Finance,parsachatresh@example.org,1303000964,1293344
183,Gabriel Choudhury,Finance,uchatterjee@example.org,1584077151,421009
184,Kabir Sundaram,Operations,yahvichaudhari@example.net,0257478851,1350386
185,Mitesh Batra,HR,sathvik38@example.org,7562958261,1313462
186,Yashawini Sridhar,Security,vaishnaviperi@example.net,3133616161,1264556
187,Ekani Rama,Security,tejas60@example.org,7502573854,1523239
188,Wahab Borde,Operations,rairachita@example.org,5766461993,1255934
189,Yashasvi Dyal,IT,jhalaknatt@example.org,8183858650,542573
190,Neel Agrawal,Finance,walibenjamin@example.org,8123991528,504702
191,Aarush Sathe,Finance,narulaagastya@example.net,3635154164,1773756
192,Ayush Sur,HR,tejas21@example.org,4310443768,1467344
193,Vaishnavi Brahmbhatt,Finance,lohitsen@example.com,9369049396,617327
194,Zaitra Sandhu,Operations,wbava@example.net,4785271757,1398609
195,Lohit Sandal,Compliance,arunima77@example.com,3968149744,1655944
196,Libni Sule,Operations,janujakonda@example.net,1694608763,829630
197,Dev Loyal,Compliance,yoshitauppal@example.org,8649758579,1132353
198,Varsha Vohra,Operations,oakharita@example.com,0199198605,1126046
199,Gaurang Batra,HR,rchaudhary@example.org,5352443242,1800883
200,Tanveer Shetty,Operations,ekavir15@example.org,0298136334,445323
201,Veda Wagle,Finance,kalalekha@example.com,0956956422,610432
202,Yashasvi Choudhry,Finance,hredhaanbhalla@example.org,1056092056,1753992
203,Rachita Prabhakar,Compliance,aradhanamajumdar@example.com,6785039510,778300
204,Gauri Babu,Compliance,jagvigera@example.com,3709777346,750049
205,Fiyaz Khurana,IT,khoslaaashi@example.org,1364838895,718831
206,Mitali Srinivas,Finance,jkumar@example.com,2791157372,1084594
207,Gagan Lall,Finance,chakrabartimatthew@example.com,9051947781,696989
208,Ayushman Sahota,IT,aaravmurty@example.net,8286676640,811523
209,Naveen Nayar,Security,goyalraghav@example.net,7181067711,1530447
210,Leena Tella,Finance,bhavna32@example.com,9101150399,1451148
211,Ethan Borah,HR,smunshi@example.net,5878255898,1596948
212,Rehaan Rastogi,Security,vrittinarasimhan@example.org,5845287473,1003535
213,Girish Randhawa,Operations,varkeythomas@example.org,9768476331,463880
214,Veda Sethi,IT,loyalekavir@example.com,7589009284,1908725
215,Kamala Khanna,HR,pallpatrick@example.com,6742620877,1882303
216,Abdul Ray,Operations,xdani@example.com,8429719100,770615
217,Qadim Raj,HR,karnikchaitanya@example.net,4349828722,1922711
218,Ryan Upadhyay,Compliance,kparsa@example.org,1109136166,478214
219,Ekapad Sibal,HR,akshay76@example.org,0771649134,948954
220,Vansha Soman,Security,karnikdhriti@example.net,1248774919,1332454
221,Eiravati Gala,IT,jhalak35@example.org,0095118237,563743
222,Onkar Mukherjee,HR,dayalati@example.net,6455352260,1774112
223,Anika Ramachandran,IT,pbalakrishnan@example.org,6965604700,460851
224,Nitesh Bhattacharyya,Finance,aurorasaanvi@example.org,2565692627,993521
225,Warinder Vig,HR,mangalsara@example.net,5561525248,752154
226,Ishanvi Chakraborty,Operations,bawairya@example.org,2212655918,746923
227,Kavya Buch,Finance,robert71@example.com,1360914158,1169799
228,Jeremiah Karpe,Security,talwarriya@example.com,8241835272,573695
229,Warda Nanda,Finance,amrutayadav@example.org,8432097380,889643
230,Champak Lanka,Compliance,stak@example.net,5574413200,1150310
231,Bhavna Chandran,Operations,poojanadkarni@example.org,1532226563,1869134
232,Meera Sood,Operations,nimratkurian@example.com,6964363222,1616615
233,Saumya Bath,Compliance,hkurian@example.net,9934523600,478578
234,Jeet Tella,HR,deolparth@example.net,3274630431,1861275
235,Gaurav Chaudhry,HR,tankraagini@example.net,9027653374,1374510
236,Max Bhargava,Compliance,owen19@example.org,0494203824,1515097
237,Ikshita Dass,IT,bahlpallavi@example.org,8966231884,882809
238,Brijesh Misra,IT,chowdhurybahadurjit@example.com,7558159240,536446
239,Yashodhara Mukhopadhyay,Operations,bhavya86@example.net,2437376786,1768455
240,Champak Sharaf,Compliance,faris05@example.org,6444416506,814177
241,Arjun Garg,Security,anmoldoctor@example.org,2893933683,406527
242,Varsha Borah,Operations,ambleyoshita@example.org,3549039843,1157121
243,Imaran Yohannan,Compliance,dzachariah@example.net,1231416060,646285
244,Madhav Johal,Security,cbajaj@example.net,3486761430,863034
245,Yashawini Savant,Finance,priya26@example.org,4094913637,903166
246,Farhan Ganesh,IT,psinghal@example.com,8579415534,743869
247,Michael Lata,Operations,wanne@example.com,9901220191,1871622
248,Qushi Sethi,Compliance,radhakrishnanmatthew@example.net,1842287461,811508
249,Bachittar Sachdeva,HR,sarraftriya@example.com,7277062207,941664
250,Amol Lalla,HR,bjhaveri@example.net,4973265319,994253
251,Owen Dass,Finance,hardikagarwal@example.com,9934612183,1076574
252,Sathvik Dara,Compliance,radhasehgal@example.com,3035409157,1006351
253,Chanakya Devan,HR,rachit74@example.net,9958056580,725259
254,Ridhi Salvi,HR,dhillontamanna@example.com,8914729397,1297897
255,Yadavi Sankar,Operations,darpannaik@example.net,0180291099,464678
256,Chandresh Choudhary,IT,maniekanta@example.org,9105760726,654384
257,Jason Garde,IT,ojoshi@example.org,9647466576,1041007
258,Nathaniel Sanghvi,Finance,jaimistry@example.com,9175775348,1267929
259,Tanish Ram,Finance,yogijagat@example.org,0343354605,1271408
260,Benjamin Vasa,Security,mohanekapad@example.com,7790466241,773562
261,Gaurangi Narang,Security,akshayhayre@example.net,6819905061,676750
262,Ekavir Swaminathan,IT,vedika85@example.com,6018667808,1738786
263,Aashi Vig,Compliance,neel45@example.org,5736917184,887785
264,Ishaan Bera,Security,mohanhitesh@example.net,0894351689,1016081
265,Charles Sheth,Compliance,kalaranganathan@example.net,0078895349,1855167
266,Vincent Bobal,Operations,hmunshi@example.org,7756863805,955855
267,Ranbir Deshpande,HR,mpandey@example.org,2747279197,458860
268,Andrew Sekhon,IT,lchakraborty@example.com,9491830599,1752744
269,Kamala Ramesh,Compliance,grewalnihal@example.org,6532316547,1852511
270,Bhavani Shetty,HR,igoel@example.org,8464886114,1749587
271,Balveer Bhagat,HR,ekansh96@example.org,0373482036,1374304
272,Aashi Hora,Compliance,omisha05@example.net,0945271976,1692163
273,Pooja Misra,Compliance,hdin@example.net,9340306022,1314405
274,Devika Palla,IT,naveenmodi@example.org,9201264206,1776034
275,Warhi Johal,Security,nakshchada@example.com,9640964682,1895702
276,Manan Dubey,HR,harinakshi17@example.net,2673972819,1721860
277,Devansh Prashad,HR,caleb03@example.com,8708165088,1818885
278,Yatan Tata,Security,tdhawan@example.net,0659005722,1857694
279,Veda Ahuja,IT,jhaveriveda@example.com,2591210768,955104
280,Mohammed Murty,IT,dewanjai@example.com,8599587324,876450
281,Aishani Wadhwa,Finance,darpansami@example.org,2394137330,664220
282,Baljiwan Banik,Finance,qabil30@example.net,3051113713,1971060
283,Rachana Nagi,Operations,ryan86@example.net,8883967095,816697
284,Januja Balan,Operations,varshasachar@example.net,3284412035,475525
285,Hemang Dhar,IT,dev64@example.com,1479168126,1185277
286,Anvi Dani,Finance,raaginikanda@example.net,3861336328,1293880
287,Veda Goyal,IT,bbasak@example.org,2311786587,734992
288,Rajeshri Babu,IT,nihalmanne@example.com,3506258938,431018
289,Yauvani Dutt,Finance,murthygaurangi@example.com,4831086381,1672997
290,Warhi Mann,Compliance,sachi17@example.com,9078350171,799714
291,Hemani Yadav,HR,anjali74@example.com,8057501395,1661418
292,Hemang Arya,Security,gautam57@example.com,6259091674,810285
293,Udarsh Devan,Security,chatura96@example.net,2495525558,452899
294,Dhruv Deshpande,Finance,owen52@example.com,2426851958,910319
295,Jai Dewan,Compliance,lallalexander@example.com,1458920474,1832822
296,Harsh Narayanan,HR,vasatikasawhney@example.org,9263610269,785461
297,Yuvraj Datta,Compliance,gdube@example.com,4066994379,411093
298,Xavier Bera,Operations,grastogi@example.net,1785086706,1886643
299,Riya Koshy,Finance,pushtisachdev@example.net,9763779177,538263
300,Anya Wagle,Finance,tpillai@example.org,1545304114,1108128
