customer_id,customer_name,email,phone,pan,aadhaar,salary,city
1,Ansh Dutta,zsethi@example.net,6797806610,ROGRK6967D,161693537719,1552809,Panvel
2,Qabil Dora,ichokshi@example.org,2730572776,APQJS3596T,481759356204,2158766,Jamnagar
3,Yuvraj Puri,lbrahmbhatt@example.net,5965776098,IBPQX2342Q,601094847169,1420300,Naihati
4,Charvi Hayre,isaactaneja@example.org,6137527611,VESHI1635M,482543304844,1777677,Rewa
5,Alka Garde,ktella@example.org,2995655202,MMDJO1686W,276439617022,495207,Parbhani
6,Barkha Dugar,shankarmadhav@example.com,0528032878,ZNAKM5308W,649429217738,1107770,Indore
7,Jatin Buch,gautam02@example.org,1407776819,CWTOZ1389T,824641090237,2143579,Gangtok
8,Harinakshi Iyengar,harsh75@example.net,3894375012,FSCHV9743M,490943340751,969716,Ballia
9,Aadhya Manne,ymorar@example.com,5473628134,ADQTA4770Q,388261224989,906811,South Dumdum
10,Christopher Comar,sethifitan@example.org,3856273396,WXMDT7465F,369789900058,2128645,Morena
11,Yachana Nadkarni,warjas61@example.org,2031491833,VXWZJ9357R,626836155229,1636513,Amritsar
12,Dhriti Dhingra,dhawanreva@example.com,3406547424,YHISR2955A,161661539634,1774279,Chandigarh
13,Orinder Natt,ishanvirama@example.org,4979672452,QDKWC8852P,500906006519,823979,Kavali
14,Maanas Rana,rsom@example.net,5653204755,XSCHE3768L,821194390361,2073142,Thiruvananthapuram
15,Mekhala Hans,handalibni@example.net,3053514575,WGFCH7258Y,301493071292,592779,Ranchi
16,Harsh Dua,gagan69@example.org,4086551081,SAFDY8390Y,496035665825,1155901,Bhiwandi
17,Yauvani Gade,lsagar@example.com,4684926648,LMCEC7073I,979178530249,1480810,Raipur
18,Watika Pant,prabhakarpatrick@example.org,9457135594,XKDES9679F,625288121282,442824,Bhatpara
19,Chavvi Pandit,ramakrishnanbhanumati@example.net,1974608825,QQRRY1649M,700254990437,1052133,Rajpur Sonarpur
20,Chandresh Balay,nathan80@example.com,3920872938,RJWBL1969S,875020868419,848110,Madhyamgram
21,Jagat Dar,viraj31@example.org,1439600579,AFKFL3341G,744860566376,2465391,Vasai-Virar
22,Ubika Sahota,matthewprabhakar@example.org,0128239580,CJPIN3364M,307772993571,1455476,Vadodara
23,Aayush Ahluwalia,kalabhavika@example.com,1340293557,DAKMQ3191J,956509352908,758817,Aurangabad
24,Udant Amble,stripathi@example.org,5999473479,QCAPJ2899D,151779095390,2148821,Karnal
25,Ranbir Vala,bina14@example.org,6950103383,YRZUE4850Y,672750740959,1391709,Bidar
26,Hemani Raju,daksh25@example.org,1714590891,DBZQC1576F,766543550424,1906622,Bhatpara
27,Bhavani Sule,wridesh36@example.net,6166571097,REOPG8938L,272139790911,2308841,Tiruchirappalli
28,Krish Rastogi,ramanathantriya@example.com,4004651630,JQDDM9943L,906404261524,452303,Vellore
29,Jai Parekh,deolutkarsh@example.com,2091186813,OFKVE8565K,920285816789,2367868,Rampur
30,Ekanta Divan,kmand@example.org,3372302256,VMEXO8452F,895757180739,2326961,Thane
31,Urvashi Taneja,hnayak@example.org,3396378704,VXZEV9712B,924281127015,796366,Haldia
32,Ronith Bhalla,atipalla@example.com,1722490818,AQIIN7577O,385843042299,530916,Guna
33,Reyansh Babu,yashica71@example.net,7999713589,PHPLP2959I,505631334683,2452600,Raipur
34,Ethan Ramesh,cshenoy@example.com,6391706067,EQVNP5215R,625908473820,2459585,Mirzapur
35,Aayush Kala,berayagnesh@example.com,3957412446,YFDVL7299R,269198032787,982875,Malda
36,Chavvi Chaudhary,bishakhamannan@example.com,3429450789,XIKJE7891R,450656290838,774547,Bhind
37,Indrajit Chandra,ekbalparmer@example.net,1042372114,BWQUZ4821N,255162828111,674261,Kumbakonam
38,Ayush Cherian,bishakha99@example.net,6216032084,KHYFN5353Z,964462328498,2256360,Bokaro
39,Avni Tank,ekiyasunder@example.net,3443442707,BDXVO8307L,217805698558,703319,Faridabad
40,Manan Ramachandran,jai38@example.com,6873184827,XPVQA8334L,399966094668,408568,Kavali
41,Advay Sem,garimabhatia@example.com,8794828910,QOMYJ1655A,410406838792,1985395,Burhanpur
42,Rayaan Ramachandran,revasrinivas@example.net,0719879719,XAMID9101K,812628742405,427483,Jehanabad
43,Vasudha Kumar,umang92@example.com,8310625167,FJVWU9315X,657261907008,1931458,Phusro
44,Charles Devi,bchada@example.net,5295139662,OMZNT7821B,482241195112,1824449,Jhansi
45,Pallavi Suri,rparmar@example.org,3171419752,RRAGB5071B,378913011431,1420328,Nagaon
46,Balhaar Ganesh,singhlila@example.com,7232659557,GKWTM8887X,570008434800,774308,Hospet
47,Chaaya Bhagat,ikshitasamra@example.org,5163261502,GYDUL5669L,779212585209,1419267,Bihar Sharif
48,Meera Pradhan,ayush27@example.org,2644896462,PWABX6537K,147403053353,317762,Firozabad
49,Oviya Wadhwa,pandyaayush@example.net,7805035983,HVAQS5560P,950932978786,1154351,Gulbarga
50,Nathan Garg,tmandal@example.org,3970138182,ANLFN3160O,338950945685,2423216,Sultan Pur Majra
51,Irya Modi,naksh67@example.com,8949987107,XMIQN4522H,764540142316,511277,Nagpur
52,Edhitha Sharaf,sarafaditya@example.net,5865990971,QSYZU5513I,239529952083,1739711,Yamunanagar
53,Gaurang Randhawa,xalak14@example.org,8849188358,BOPBA2358D,327670723044,1403588,Raurkela Industrial Township
54,Baljiwan Chaudry,tailorubika@example.net,9582102328,TWFJQ6247N,352270703846,917762,Belgaum
55,Janani Som,kamala58@example.org,7096495552,SYTQK2746Q,342738236002,1504902,Mira-Bhayandar
56,Veda Dani,pdewan@example.com,0802929494,VPGKI8325F,678852263778,2042776,Surat
57,Chanchal Mand,pkumar@example.net,1298821530,YAOCN9212H,749983638809,1589557,Kanpur
58,Ekaja Bal,vasudha18@example.net,0939556546,XGJDU4602T,855083958940,843100,Raiganj
59,Max Shankar,brijeshdeshpande@example.net,7989019770,LOOQD9255L,130585955357,793806,North Dumdum
60,Gautam Mander,deshpandevidhi@example.net,4528855590,ERTPM2643C,820190854908,2413267,Madanapalle
61,Gautam Parsa,sarrafdayamai@example.net,5764020012,JFDCU7358I,532302269607,1094389,Ulhasnagar
62,Oscar Keer,gauravdevan@example.org,7655283382,OMZXP8829F,170690050787,1378673,Jalandhar
63,Victor Sant,ibedi@example.org,3915304245,YXAHQ6533B,611504720258,307657,Mumbai
64,Chanakya Sur,pavani23@example.org,5469930242,RCNCN1505H,388800792898,1241524,Chandrapur
65,Adya Saha,srinivasanekaja@example.com,7295940429,JQPIE5000A,722203264766,1837295,Bikaner
66,Nandini Mammen,jeevika91@example.org,7599824185,WVWPK1738D,962886808250,1670939,Bokaro
67,Vasatika Datta,sbir@example.com,4723864242,PTJID4510N,853451573191,388225,Ambarnath
68,Nidra Raman,omkaarpurohit@example.net,2463817932,XQUIV7750Z,972144089868,1881400,Jamalpur
69,Siddharth Saini,kadenitesh@example.org,7031804949,HNUBH7598K,157828068843,1328420,Tiruchirappalli
70,Manya Dubey,luckydara@example.com,2852349841,WVNDW5403K,853382438496,450250,Kavali
71,Ekiya Malhotra,tanishmann@example.com,9910023582,YTJIP2144J,216483182081,449478,Arrah
72,Ria Madan,hnaidu@example.net,5353666245,LLTOF5185R,862930284209,305553,Shahjahanpur
73,Gayathri Konda,ubahri@example.org,8832777035,NKAHV8965Z,699712423609,543789,Jhansi
74,Chanchal Menon,irana@example.net,0601344107,YUCVS4557V,248642357802,1149947,Faridabad
75,Zarna Subramanian,samrahardik@example.net,0889248272,JWICC6660Z,966551130157,406625,Patna
76,Mitesh Bhatnagar,mdevi@example.org,9253467609,JLHFY6455E,895226018857,2386660,Nagpur
77,Caleb Pandey,gatwal@example.com,9150031459,CFCBW6246F,265923999301,606692,Haldia
78,Nihal Ramachandran,wshan@example.org,1472761089,ESDVV9326Z,310507145271,1600549,Akola
79,Inaya Sheth,naranggagan@example.net,3557361989,FBYIP6679W,343596158005,985813,Rourkela
80,Neel Sachar,fitan05@example.com,8393733251,RGLMU8856G,144067184919,2124464,Mau
81,Gayathri Raghavan,raijagrati@example.com,5386288846,CZYAD9211G,712027870025,765772,Bikaner
82,Falak Chana,chowdhuryreva@example.org,6866715687,BWJVG9236R,203732315422,483915,Khora 
83,Leela Tailor,bassiveer@example.net,6149169645,BPWFO9900O,880506136510,618642,Hajipur
84,Anika Sarin,hamsini92@example.org,7905491686,NHOKV8633J,241200202542,390432,Mumbai
85,Janya Sagar,adatta@example.org,0421228616,UTCSW2441I,673042968790,1919101,Bidar
86,Orinder Nayar,pushti88@example.net,0327164277,YGUYR6338D,236428185240,2467922,Jamshedpur
87,Janani Garg,bumbgabriel@example.org,0409250286,MRNTX2787J,580616846479,1328735,North Dumdum
88,Aashi Kara,ekavirgoyal@example.com,3804951579,AWAGG4392G,550812141707,1429594,Khora 
89,Yatan Rai,sdada@example.net,2728604414,FXWDQ4034P,177361333262,1596850,Patna
90,Fiyaz Shankar,nayarjack@example.org,3807709892,ECRXA2312J,838253480429,1967993,Kolkata
91,Anay Tripathi,naveen12@example.org,6082140889,HFFAU5472M,405246228280,416898,Shahjahanpur
92,Umang Chaudhuri,oakinaya@example.com,5777657286,NIDGW2447W,177814271701,343005,Bulandshahr
93,Gopal Chacko,ati33@example.com,8379188129,XJWWZ3184T,986921306426,1426434,Sri Ganganagar
94,Qabil Doshi,enatt@example.org,7498120285,ENQMG2671I,517833377658,770565,Phagwara
95,Gabriel Savant,sanya81@example.net,5434222924,NSIRM9073C,393384227180,847663,Bhatpara
96,Warjas Shroff,ghoshsamesh@example.org,8570784351,WICEZ9229W,466700283892,2295595,Sirsa
97,Raagini Pall,trivedizilmil@example.com,4964480334,NBGOU9825O,440110252315,1582339,Bharatpur
98,Devika Ramanathan,chandrannakul@example.net,7473486042,PJVOT3795A,561014676175,369735,Udupi
99,Chandresh Muni,kantyashica@example.org,3198298773,LEOOQ7144K,636675927321,1233077,Rampur
100,Edhitha Warrior,qadimjayaraman@example.net,8933275641,SOAPW1990I,797294652222,967895,Nagaon
101,Bhavani Mangat,chaitanyasoni@example.org,4587320351,KBQEX9706V,517056690061,417186,Saharanpur
102,Bhavya Bains,girishsubramaniam@example.net,7102282942,QEDUJ7385F,715666994878,1027530,Bettiah
103,Onkar Bedi,lakshitmukhopadhyay@example.org,4731593109,YFMNZ6961G,700570654751,2480457,Kadapa
104,Atharv Devan,yagnesh36@example.org,9859838507,RBZGA9867A,930875913868,530073,Raebareli
105,Raksha Nadig,luke79@example.net,3393718782,ZZKTU9123B,499892099290,704317,Ambattur
106,Forum Bobal,patrickmadan@example.org,2004148513,LQHLJ8141W,976881989045,2057873,Srinagar
107,Siya Mani,eshana60@example.net,7062136214,LVPLH2019R,451222058789,1688172,Kolkata
108,Vamakshi Balasubramanian,yoshitaverma@example.org,0236672094,TDIUH8970P,961947482577,1260159,Anantapuram
109,Gaurav Deshmukh,vyanjana61@example.net,0355524824,CBSNV3294S,885072974621,809524,Solapur
110,William Sekhon,ishaan71@example.net,5336978421,IPLWM8278S,199829462573,2474688,Nanded
111,Geetika Nath,hmenon@example.org,9734283193,PTEZT3442C,334778844200,1020495,Haldia
112,Janya Ganesan,ekamdar@example.com,5506360252,OZUAB2471C,399056167809,2365110,Alwar
113,Aarav Mand,senguptafaqid@example.net,8123876239,MWWGF3267R,952496555800,2051451,Pudukkottai
114,Aadhya Sachdev,kumargayathri@example.org,6538679220,COGQM7146O,896307052126,763464,Aizawl
115,Nathaniel Grover,jmorar@example.com,2709007719,KJGTE6800S,416679446089,1968863,Phagwara
116,Osha Grewal,garima99@example.com,9744745653,EZWHS2658G,272344164060,2256176,Purnia
117,Utkarsh Om,sulesathvik@example.org,7110954824,IFLOT2081X,485292645977,1874163,Aligarh
118,Jagvi Kothari,nakul68@example.net,7895013194,LDWSM7087A,582935272185,2442479,Kulti
119,Devansh Basak,fmann@example.com,1897367302,NKTYP9222U,108683131215,2326843,Maheshtala
120,Ridhi Bera,hredhaan22@example.com,7656524063,IRKPW8546Y,516549539886,2413572,Ludhiana
121,Omaja Gola,schauhan@example.com,8200451150,ZRHQE5121K,371173038676,1785592,Dibrugarh
122,Charan Babu,bawaradha@example.net,6346205163,PKIHI3975G,756857301383,1865898,Thane
123,Lakshit Hegde,kalamukhopadhyay@example.net,2203897252,VQNAZ1819Z,898455266335,2480947,Nagaon
124,Ishwar Dass,ddugar@example.com,0791692073,HPAVC4614M,905563602470,2446113,Bikaner
125,Onkar Chandran,gabayutika@example.com,2265094543,ZRECC2833I,418482589516,2062987,Panchkula
126,Avni Dewan,dgolla@example.com,2834137191,BDGCY3957Z,959914400267,1597865,Ulhasnagar
127,Brijesh Master,parsautkarsh@example.org,0421297712,QGPGJ8995G,232273565537,1377502,Bettiah
128,Pallavi Suri,wadhwanathan@example.com,0854541309,GJUZP8890Z,746634785616,2113874,Noida
129,Rehaan Taneja,dugaryashawini@example.net,9143092749,MHDDC5864C,619381082843,919763,Kamarhati
130,Irya Sehgal,hamsinimadan@example.org,9338765921,TQYJF3109K,487005857720,1396681,Gaya
131,Osha Nadig,chahaldevika@example.com,2475445325,AXVYI9889T,850049100487,428830,New Delhi
132,Benjamin Chad,tataaarini@example.com,7657533575,FSFTE1459B,448135108595,1424246,Satna
133,Garima Sharaf,nseshadri@example.com,0044656215,BBXGH6363D,532887696419,1835069,Kharagpur
134,Kevin Mohan,bajwacaleb@example.net,4121698357,SCGER1687C,481968244249,1731057,Buxar
135,Ikbal Singhal,gsavant@example.net,3538940707,HHAHO7702W,331225420004,2076693,Tiruchirappalli
136,Bahadurjit Mahal,nihal19@example.com,7576365525,CYKXL2812O,523212404737,868984,Bhiwani
137,Upkaar Bail,ahujaanya@example.net,0126347388,PFVRU9097X,121237636807,1928885,Akola
138,Jonathan Nath,lekha30@example.com,7122266664,IWRJJ3827T,356128311365,2372371,Jalna
139,Adweta Dewan,comarkeya@example.org,1074855838,OWXIJ7258R,265802050676,1250326,Jaipur
140,Zansi Suresh,bkala@example.net,5279738325,LLCME3559A,144193724158,478010,Tirunelveli
141,Tanish D’Alia,wwason@example.net,6809203219,IIHLL8801T,725905969169,1340804,Cuttack
142,Bachittar Tak,sudiksha32@example.org,1475797204,XHCZI9772R,690180239723,2034354,Gwalior
143,Azad Date,wmall@example.org,6999493016,ZBYUY9921N,978450057975,356094,Jhansi
144,Chanchal Deol,vrindabiswas@example.net,8424829963,PKXWL3575B,297178562950,1605921,Ranchi
145,Amara Pillay,mitteramruta@example.org,7560049056,SBNPM6306W,715508576371,1323186,Ulhasnagar
146,Ayush Grewal,bachittarsoni@example.net,7256192034,TVQDJ3262D,368731205353,1767127,Hazaribagh
147,Yachana Edwin,omadan@example.net,2277374389,SAWLA3061H,911602012112,1977167,Erode
148,Elijah Pathak,panchalpraneel@example.net,6369957787,PHHEX9378Q,561789781883,1170957,Kharagpur
149,Kritika Rau,udantbalakrishnan@example.com,9582629738,UZEYX6437O,493363932471,334068,Bangalore
150,Yashasvi Rege,goyaljeevika@example.com,8823525016,FVRAV6193T,593435885310,1076509,Munger
151,Fitan Borra,azaankanda@example.com,5436365283,GBEPQ4726A,813783687765,356774,Madurai
152,Odika Dora,hiteshkhatri@example.com,5221365011,GMBUC8688Y,330406778599,2415203,Bhusawal
153,Nidra Chaudhary,abhiram54@example.net,3294608812,FOLLO2138K,365575922334,710976,Guntakal
154,Abha Devan,farajbatta@example.net,4487004581,RKMEC6579G,736199863455,2321091,Korba
155,Chakradhar Raj,balakrishnanekanta@example.net,6189271974,YPRWM7875Z,681642782276,417743,Nagercoil
156,Zayan Chandran,karanaarini@example.org,5397066310,XJUXZ2153H,376379023099,2124373,Panvel
157,Hitesh Mahal,edhithakuruvilla@example.net,6276984008,ZPBMO9824E,768603538397,590899,Jalandhar
158,Anthony Sen,narya@example.com,0475545742,QJGUZ9857B,947226338034,873330,Hapur
159,Kamala Ravi,ibabu@example.org,5066434629,CUHAS7777H,683321911381,2295970,Jalgaon
160,Lohit Soman,maya44@example.org,8594742596,ZGTIM9077U,454169940375,707396,Guntakal
161,Onkar Kothari,misraayaan@example.com,7352978958,YTVHM3129W,336818091762,943789,Haldia
162,Urvi Palan,pavani97@example.com,5225627014,RQUVX4980C,565745586410,863099,Kishanganj
163,Akshay Saran,anirudh14@example.org,4528884794,ULCWQ2911J,515696900307,372547,Berhampur
164,Suhani Vaidya,ganesanmeera@example.org,6209344312,OBFOM4132L,363936416655,2076800,Pali
165,Warhi Om,varsha13@example.com,6211707688,CNCIX6628L,997550353269,1829514,Sambalpur
166,Gaurav Patil,nidrasarkar@example.org,3726888207,QFFBJ4954Y,340895982770,1964405,Solapur
167,Shivansh Hayer,zachariahleela@example.org,4965988461,SHEPB6822H,347460849041,2340699,Bahraich
168,Udant Shroff,kevinbatta@example.net,9810020208,BAZYF5955T,721152361664,998323,Jaunpur
169,Kalpit Rastogi,dev02@example.org,3380058248,QOOMK8124H,543510666516,646692,Korba
170,Sanya Som,zinalmani@example.net,1952119967,DGCWF9510K,756139653820,1568705,Rourkela
171,Lohit Palan,chakradhar19@example.org,6214428618,UBSRY3054J,520560614320,1803562,Mahbubnagar
172,David Contractor,vansha28@example.com,4321380256,JZAGJ8426C,170786321083,1996773,Jamnagar
173,Gaurangi Devan,tanvi16@example.net,0987239984,WZTAU8016F,552613891932,2373607,Yamunanagar
174,Charles Ratti,zinalarya@example.net,4433533999,LZHAG6932M,669982621507,2101069,Howrah
175,Aarnav Shan,mkhanna@example.com,6897669088,NVVDE4307T,918123220012,1881529,Sangli-Miraj & Kupwad
176,Chatura Mittal,dattawarda@example.com,8264417511,ZBSGZ6440B,725566975780,322758,Meerut
177,Udyati Thakkar,tbajwa@example.net,2816200728,MXAZH7442Q,747732015096,2069861,Ludhiana
178,Abdul Guha,kumersudiksha@example.org,3661732703,RPFOS3852L,280439346077,1125525,Bhilai
179,Lopa Tata,hdara@example.net,9402286404,OLHPQ2095R,610312282338,2134255,Salem
180,Pahal Krish,sundersimon@example.com,5326271744,DPMKP1744Y,606334126331,1170178,Hajipur
181,Ridhi Dutta,smutti@example.net,6600321509,BZUFX5060C,857787666634,949047,Kanpur
182,Chandani Kapur,sachdevabarkha@example.org,8908780588,LVAEW8947D,861209955042,796033,Narasaraopet
183,Nisha Wadhwa,bhavikacomar@example.org,4363648759,OPCMS2851X,573444857782,1334578,Loni
184,Tanish Luthra,sachi19@example.org,5857709395,WHPZB5199B,327268907924,1626583,Visakhapatnam
185,Daksha Chadha,azad69@example.com,8555854986,CVCND2427Y,640225324209,2125283,Panvel
186,Urishilla Brar,sathenaveen@example.com,3300676927,YDWNK6125U,139007347974,590252,Thoothukudi
187,Yochana Bahri,vvarghese@example.org,4870337382,OUDBO8696J,866592436386,2255247,Bellary
188,Rohan Nigam,khalsaeesha@example.net,5098432377,YCVIQ2195B,751774444416,1638999,Srinagar
189,Jhalak Vora,yashbhatnagar@example.org,7659858413,TPIID3381I,392154204943,1294944,Bhavnagar
190,Tanay Bansal,indali67@example.net,4320443256,OYXOH5397C,408178073552,1047755,Dewas
191,Kabir Patil,balveerbaria@example.net,1360244943,YQDAL5795J,716868072978,592435,Karawal Nagar
192,Yashica Thakkar,naveen64@example.net,7932382728,MEWTY4255B,734639233290,1854144,Maheshtala
193,Rayaan Nath,sethijonathan@example.net,0135290511,BSGTZ6819T,265346528678,1596465,Adoni
194,Reva Amble,finn77@example.net,9736324108,XKSEV4075O,625319097659,1859816,Durg
195,Hiral Sabharwal,lucky09@example.net,5485784821,VXBWZ2670C,473037647477,2293663,Phagwara
196,Bimala Dara,gagannagi@example.org,7766882997,JVVYX4346R,732774468449,1007691,Karaikudi
197,Chandran Bala,oommennikita@example.net,0122891420,HNJHV3173W,411957410768,755486,Guntur
198,Gopal Kota,pranit36@example.com,0845133765,DQGLQ3891I,908552060950,1132475,Guntakal
199,Chaitanya Balakrishnan,advaydewan@example.org,9910219334,FBRJP6112Q,140243900527,2044995,New Delhi
200,Noah Chand,chadjason@example.com,7893716990,PNTYE4486S,113459457372,1540778,Kolhapur
201,Gabriel Koshy,raghavanmaya@example.com,7638577550,OZHET8160S,188002588115,643063,Tenali
202,Barkha Chad,nandini85@example.com,3213257862,EFECI5946V,453061479590,637964,Bhubaneswar
203,Timothy Parsa,ishanvi53@example.org,3979490892,QZREM4164J,884063215750,1085147,Varanasi
204,Charvi Tella,chatterjeewatika@example.com,1214869517,AIPTF4277P,638350320398,2351474,Medininagar
205,Varenya Sami,yug21@example.com,1188142041,JCGRZ8691U,772342314531,2134959,Ramagundam
206,Dominic Chaudhry,munshitheodore@example.org,2769030175,ECARC6558X,785066643609,1453063,Madurai
207,Yochana Bhagat,vhayer@example.net,2897551519,NJIIA9310R,321822106047,458160,Muzaffarnagar
208,Gaurav Dhar,tanvidugar@example.com,7961076931,XKSQY3325T,843645883771,329314,Hyderabad
209,Pranit Dhillon,omkaargoda@example.net,8275178294,LGTUN7682K,172667372100,619384,Mehsana
210,Yoshita Sehgal,vrao@example.org,1348861252,HQCYI8015C,941072225833,728672,Dehradun
211,Laban Atwal,xjayaraman@example.net,1280078336,BTUJC2227D,806190504020,1766145,Ahmednagar
212,Unnati Sachdev,sureshomaja@example.net,2081734169,PRPUO5566V,568314406529,2469787,Kozhikode
213,Gauri Basu,abeer13@example.org,7628397098,LLZBR9702I,926820308805,895995,Jammu
214,Timothy Choudhury,chaudharywarhi@example.com,8223088168,ONPZR3413S,283398853128,1649638,Sangli-Miraj & Kupwad
215,Varenya Dhaliwal,yagneshpandit@example.org,3432454485,UTCLN3277Y,464450221822,789337,Asansol
216,Nitara Seshadri,bengarima@example.com,3990467741,VCRBO4123P,451841142152,607690,Rajpur Sonarpur
217,Vaishnavi Sastry,sudikshaviswanathan@example.com,2529026367,ZKUJV6190L,171092719807,2353196,Dewas
218,Chakradev Deol,bgarde@example.com,0330113792,NZVYV7363O,786428709191,2292027,Latur
219,Aarav Prashad,fnatarajan@example.com,6599124806,WEDNN8723Z,121515751386,2308873,Sangli-Miraj & Kupwad
220,Nirja Aggarwal,mbatra@example.com,2622627810,VZRHB8729G,680678130025,499185,Akola
221,Max Ravi,aadhyananda@example.org,8132313394,LUGRR9438L,437936738444,384223,Bulandshahr
222,George Jain,mohammedviswanathan@example.com,6788661762,STFWJ7426J,696163517597,419604,Karimnagar
223,Pratyush Raman,ekantika98@example.org,0365747262,FMWJI3140N,840728714473,1769835,Satna
224,Ayush Wagle,naikguneet@example.org,1568084752,XLYKN8340X,170468377971,948341,Vellore
225,Dayamai Khare,anayvala@example.org,7592004414,KNQCF5267X,825361997198,2249526,Haldia
226,Baghyawati Gala,hchaudhari@example.net,5427878997,SJFIS1306J,566330940272,1790665,Sri Ganganagar
227,Hredhaan Soni,michaelamble@example.net,7489592928,UQMNK4005B,843906781430,904937,Anantapur
228,Aashi Puri,anitatara@example.org,1660457509,IPUGW3221Q,894169196113,1307671,Tadepalligudem
229,Ekani Ramaswamy,dyaledhitha@example.org,5096989190,SOBBM5738Y,563558473862,1805016,Tumkur
230,Jacob Chandra,mandaparth@example.org,9449368771,WBPSF2948J,797646770011,1177627,Ujjain
231,Ayushman Sastry,amani@example.com,7483496078,EKYBB3458T,510130576015,1059952,Siwan
232,Vrinda Doshi,gunbir51@example.org,9141327789,LJIKD2794V,299095291018,1596914,Tiruvottiyur
233,Anusha Tripathi,orindermitter@example.org,6679923950,LAZOO7031S,426435728536,1817623,Kulti
234,Bina Loke,hdatta@example.com,8672743451,OMLET7823V,819342029193,1350342,Bhubaneswar
235,Waida Goda,ygade@example.net,5564171462,TOYWQ6960J,922048068384,1070719,Ballia
236,Yashica Dara,madhavibala@example.com,7660420470,BSUTB6508P,858207887302,1164968,Raurkela Industrial Township
237,Victor Chahal,kkhatri@example.com,1313798280,UYSCJ9451G,746125014030,2055236,Sasaram
238,Janani Krishnamurthy,arya78@example.com,7679026772,JTGXN5231A,895806157838,1490400,Dhule
239,Ekapad Venkataraman,zehaantata@example.org,5587098935,QBCKB6602L,500181992480,1406475,Sambalpur
240,Luke Joshi,chandanideo@example.net,4964149940,MNJCI2164Q,802902532987,919027,Bhiwani
241,Irya Dubey,esura@example.com,6550092732,JKDKO3213F,157209367986,1778382,Gaya
242,Daksha Pau,vasanachawla@example.org,5718658741,BKOUB8761I,753915841896,1368045,Surat
243,Sudiksha Munshi,girishsom@example.org,4422584728,WASJL6379E,683395152139,1978007,Tenali
244,Ganga Khosla,gpalan@example.org,0160901234,KZRHM8972B,407410771202,699615,Sri Ganganagar
245,Rushil Choudhry,vohraayaan@example.net,9764049364,LTNUK5943V,482796933199,1591863,Bhiwani
246,Lucky Sehgal,sara17@example.com,5363798262,KZWNU7464L,977170284691,664199,Guwahati
247,Nimrat Nayak,dadaikshita@example.org,7295209427,DIHPG2463H,209489174985,1413206,Nanded
248,Gaurangi Deshpande,yug25@example.org,3338171284,WXLNR7982F,576099026682,2148067,Bhiwani
249,Nilima Nadig,cmannan@example.com,0680336780,TYXAO6461C,154360215246,1952706,Kirari Suleman Nagar
250,Ucchal Dhar,xdin@example.com,9376078710,YLYBY3407P,705636529050,414884,Bhusawal
251,Ekavir Varghese,hhanda@example.org,1055039543,DFPAX9476R,793683044562,1689337,Chandrapur
252,Amruta Loyal,bentriveni@example.com,8323306164,APUDL3127A,228959836752,1255300,Barasat
253,Unni Palan,wazirdixit@example.org,5844356211,HFOTD5967D,698119900398,1630012,Moradabad
254,Daksh Murthy,buchlavanya@example.com,4193396271,NYHZW2078N,595838998901,388594,Sonipat
255,Agastya Bajaj,umangranganathan@example.com,3037688556,ULMYY3266F,855494088227,2126107,Ongole
256,Avi Saini,xuppal@example.org,3976537718,OXIVD2960T,928541884504,2356125,Ajmer
257,Anika Dayal,charles42@example.org,0735215649,BPQSC7530K,139863013753,2497631,Motihari
258,Jason Kurian,gulatizehaan@example.net,2384532229,TLCRY2962Q,923294541757,2242658,Begusarai
259,Samaksh Vala,prabhakarchandran@example.com,6112743284,SONLT1010V,920821625718,630224,Raipur
260,Omisha Krishnamurthy,iyengarmitesh@example.org,0735671313,OKISM1620M,130820774056,346110,Ahmedabad
261,Kamala Morar,eiravati09@example.net,7790966837,GPRIZ2200Y,950142779503,2304166,Pudukkottai
262,Hardik Madan,ddalal@example.net,8713681525,YGFNC4930K,881114094304,446978,Jamshedpur
263,Lila Sharaf,acherian@example.org,3610023581,XUSDJ4442D,829671638233,1460520,Chandrapur
264,Jackson Butala,vrishti07@example.com,2073881240,MWITT2689D,351249951387,2261365,Coimbatore
265,Tanay Bail,sagarqabil@example.net,8603452056,TSIJW7898K,525924842032,1371499,Kakinada
266,Tamanna Deep,brinda45@example.com,2918966530,SIAGA9689Y,134735952042,935261,Motihari
267,Ladli Dhillon,narasimhanmadhav@example.com,6021614411,IBYKI3384B,672296519023,372841,Danapur
268,Ojasvi Deep,vermakavya@example.org,1195331186,HOLJO2565P,583058618022,490904,Suryapet
269,Balvan Zachariah,gavinsibal@example.net,4496050645,TKSUC7126F,202057302707,737682,Gandhidham
270,Mason Kurian,nicholas93@example.com,5319528150,KYLMT3048B,296127454133,2217079,Nellore
271,Jhalak Mukherjee,swagle@example.com,1602121930,LQKXZ8230A,144313665363,1669458,Delhi
272,Atharv Trivedi,nikita20@example.org,1998324405,CBHMH4300O,459031161682,1438340,Rajahmundry
273,Nathaniel Parsa,brinda26@example.net,2899295727,CRUJU4314O,518778843616,2257683,Tenali
274,Ethan Aurora,osachdev@example.org,7064563239,THGGC5544I,943333507127,724162,Bulandshahr
275,David Sathe,madhavigoel@example.net,8288651371,NFCEE2306B,188059275665,739754,Ongole
276,Rudra Datta,jason21@example.net,1067801391,VCEVK4168Z,678358786772,958232,Hindupur
277,Yashvi Acharya,vnarula@example.org,5352468935,XEGDG2152G,524695795021,1354748,Bhavnagar
278,Rayaan Dara,bariamanthan@example.org,6659525942,SOYPJ8134K,712990432339,1496136,Bhilai
279,Ekanta Goyal,tanishsarna@example.com,2493821154,CBZKM3239D,670566959090,1497134,Rourkela
280,Thomas Krishnamurthy,vviswanathan@example.com,8795502883,BCVXJ8907X,360653294420,1176973,Chittoor
281,Harini Saha,sai59@example.net,5646169251,RPROB1579U,568090078143,1677380,Kamarhati
282,Yoshita Khurana,joshuapatla@example.net,3610191590,FVCUA8142M,742905445021,2046390,Barasat
283,Ishanvi Bhatia,zmittal@example.org,5447885247,LFUEY7733A,493414050617,483341,Anantapuram
284,Onkar Mangal,ttrivedi@example.com,0789703676,YZMHQ5610A,412114940101,1980027,Pune
285,Hredhaan Narayan,aminhas@example.net,0190409848,WXYSU5803W,607220098649,1157476,Sangli-Miraj & Kupwad
286,Aachal Wali,rayaan05@example.org,3078303933,RLPEX8609M,244476946889,2013403,Machilipatnam
287,Garima Rattan,baburanbir@example.com,9335014254,HLDTW7552F,966060078448,990569,Loni
288,Rachit Keer,tanvi62@example.org,4358577558,HOEUB4032M,831696355147,1853680,Salem
289,Ekapad Thaman,nandadevansh@example.com,4561351325,HAQOL8302F,104605729590,656693,Kozhikode
290,Chakradev Basak,girishraja@example.org,5500275455,ILISA7724G,313801983214,1350599,Mathura
291,Qarin Muni,latashivansh@example.net,6127118144,PAVKX2703Q,939429707820,1450908,Hajipur
292,Chandresh Khanna,shaadvaith@example.net,3359352826,HKVWT8329F,937641748420,1702596,Dharmavaram
293,Shravya Palan,harinakshiamble@example.org,5607721326,SXABE8772V,891594733193,2254215,Darbhanga
294,Jonathan Sinha,danibhavini@example.net,0072071156,FQFQN2550F,285973125136,2191277,Malda
295,Widisha Ramesh,aishani31@example.org,0752201573,XZREJ2487I,878125664664,868252,Singrauli
296,Shivansh Parmar,rsahni@example.com,8484154087,YDXXM6176Y,116955118029,1475464,Muzaffarnagar
297,Eta Ratti,balwarinder@example.org,9217361122,HLSAG5756E,649649182230,2044100,Surat
298,Varsha Sagar,nidrabuch@example.org,1095464442,WUXBX6605O,164448586378,1431314,Gudivada
299,Faqid Johal,urvashi38@example.com,9478973004,TBTHF2264E,684531454835,2477093,South Dumdum
300,Anya Patil,devika96@example.com,3306633907,EUTGI3538K,164843005245,835583,Raurkela Industrial Township
301,Tanish Talwar,dchander@example.com,2991548119,VJUPX2634A,389694938103,1676167,Anantapuram
302,Jason Tank,badamimitali@example.com,2367205740,NCMAW8049P,630366626879,1732155,Thane
303,Ekantika Ravi,zmohan@example.com,2513999348,XLFWX7476Z,345511230221,655221,Hospet
304,Vidhi Dua,aayush81@example.org,0754799804,JOFEN7442H,291681511825,668550,Aligarh
305,Vivaan Tata,sacharhema@example.net,3647308920,PFVDE3273A,364256765405,1540214,Thiruvananthapuram
306,Ridhi Ahluwalia,charles85@example.org,7193151307,RFWAL4931Z,430633390653,1190737,Miryalaguda
307,Faras Kale,yauvanisawhney@example.net,2960928132,HXNAM6742J,631588424214,1672091,Srikakulam
308,Oliver Bhatt,tanvigarde@example.net,4453259436,NHLYK1125Q,155871427968,1794737,Tadipatri
309,Meghana Jhaveri,ishani58@example.com,5160471930,JFDTT1161T,131380877175,2462316,Bareilly
310,Oni Prabhakar,memonjagat@example.org,7954994467,PNLHA1064M,161008106074,464645,Mahbubnagar
311,Unni Goswami,gaurangchaudhry@example.com,3265152879,ASSKR4214F,228641950442,2420896,Tiruppur
312,Amara Iyengar,anthonymand@example.org,2230278888,NESXN8380L,864343961932,561693,Tiruppur
313,Pratyush Badal,diptabera@example.net,7646973583,CPZKB6905Q,717498514937,1365613,Singrauli
314,Gagan Bhattacharyya,kundachaitanya@example.net,7756037505,CKLKU8303J,619240912095,1872737,Hapur
315,Kalpit Sule,vedwin@example.com,9058723776,WTRDY7656J,293318977023,1274106,Maheshtala
316,Eesha Din,puridarsh@example.net,9904765970,IFKTQ8223Z,192981503415,2366620,Nandyal
317,Elijah Nazareth,khalsavidhi@example.com,8435116397,TIBXM1026X,267506560669,976399,Shahjahanpur
318,Siddharth Morar,bajajneelima@example.org,2921492132,EREOM6203A,642850336883,1552107,Vasai-Virar
319,Vedant Rege,sundaramqarin@example.net,0636846474,JHUAM3499K,603561846641,1323765,Khora 
320,William Mutti,chanacharvi@example.org,5999271042,HNXKA3514T,732745361937,671607,Jalandhar
321,Ekbal Nagy,htak@example.net,9260819273,OAZUN1818T,508849568448,1588842,Tiruppur
322,Yoshita Ramaswamy,mayakaul@example.net,6259963782,ZUBWW9835T,368221526455,972719,Haldia
323,Damini Toor,bainsrachit@example.org,3680819445,DAMAT6976K,525181003468,1004080,Ambarnath
324,Watika Krishnamurthy,laddivya@example.org,0487504561,QMZGQ2986W,897096560678,369366,Hindupur
325,Christopher Hans,godazashil@example.org,0231336044,YYPSO3613B,564020152968,1905140,Jaipur
326,Chanchal Chaudhary,krishnaom@example.net,3212850258,ZZHKD2636D,590331500024,1791249,Bijapur
327,Jeevika Taneja,gsarin@example.net,0378312071,EPUBM8891V,896472118325,1300299,Hajipur
328,Omaja Krishnamurthy,edhithamuni@example.org,4992023104,VFCMX5305Z,186608877509,1622217,Kirari Suleman Nagar
329,Meera Dyal,manthanramakrishnan@example.org,7875400907,DODPN9802J,936089864395,2157795,Ambattur
330,Indali Bumb,dipta45@example.net,1238921202,LSTAL2475W,246888337216,506517,Rohtak
331,Edhitha Parmer,kiaansabharwal@example.com,2521843769,PGXMG7445G,738588190297,1092432,Jammu
332,Yachana Kata,teerth49@example.org,4075870535,ZWBRA6413Q,660887867589,1146221,Malda
333,Atharv Sahota,chakradev87@example.net,1423902296,CVVCH5939C,362453716224,661252,Bally
334,Abdul Sibal,devanshkapadia@example.net,6425141521,CEEPZ7333W,843383192283,537791,Ballia
335,Jason Madan,radhanarasimhan@example.com,0877019455,HJBDT6413I,333108612723,1382877,Aurangabad
336,Adweta Thakur,thomas86@example.org,7542754740,MBRVH8922W,148285543191,1253267,Rajkot
337,Dakshesh Patla,chowdhurynachiket@example.com,9094620474,IQZKL6912Y,853624025023,910311,Buxar
338,Keya Mangat,jeremiahkothari@example.net,6066802392,LRYYP8816F,620102513703,1027119,Ranchi
339,Fariq Bhatnagar,lavanya90@example.net,5725979181,AEBDN9228Q,927893754477,712182,Anantapuram
340,Jeet Kaul,prabhakarupadhriti@example.com,1242348280,WXOWS9242B,964424528332,1728563,Kota
341,Aishani Wable,shahfitan@example.com,6976778778,DUXYT1521O,959703554211,1815845,Pali
342,Raghav Lata,mohammediyer@example.net,5260994016,XLDEK3992B,358235352907,1262128,Asansol
343,Jhalak Sodhi,pkurian@example.org,1462676638,XXPRV6024Q,134416317826,1085028,Orai
344,Vamakshi Zachariah,abhapai@example.com,3346855536,RALNP4045W,934368522731,1208549,Karaikudi
345,Aarnav Mannan,ysoman@example.org,0650209768,JNWLY1527I,247139109112,828814,Munger
346,Bina Vig,yashawinigandhi@example.net,5112681228,CIBNI3927N,218533142997,1269373,Rewa
347,Geetika Narain,dalbirsaha@example.com,7027270811,TKEBS5691L,614861003525,1065301,Rourkela
348,Arin Sidhu,adyamallick@example.net,3175405350,PZYHW8989V,771468552674,1996147,Alwar
349,Vedant Swaminathan,vidhi36@example.org,2964790989,GRJCA9987O,940703165911,1271238,Kakinada
350,Jacob De,kabirganesh@example.com,5978514133,LREIO4210O,128517190235,1704051,Guntakal
351,Leela Mann,sunderunnati@example.net,3575625567,ALUNE4630O,196074396697,374545,Ujjain
352,Ijaya Lad,lankajacob@example.com,4693996227,TNUGZ7776K,901852173849,733222,Panvel
353,Ranveer Jha,zdatta@example.org,7413139576,VMPBQ8820U,500806429554,351661,Jamalpur
354,Yatan Borah,upadhritirama@example.net,4025176111,XWXNT7248A,203370353608,334430,Kollam
355,Hemal Mody,osanghvi@example.net,0131019160,CCCYQ8070O,521273641915,1114601,Alappuzha
356,Faris Ben,qkoshy@example.org,8120738276,NBUPY6371O,909337318219,1326476,Hubli–Dharwad
357,Balendra Suresh,ddyal@example.net,0867907745,WTRXR4016F,620494124880,578481,Gaya
358,Bhanumati Upadhyay,kalitayashodhara@example.net,2728745280,PPYLY7013J,979984494182,834029,Mysore
359,Banjeet Vyas,khalsavictor@example.org,4537263798,DSWGO1875K,297958464305,470645,Ujjain
360,Garima Din,pillayudyati@example.org,6964377063,LHFGE6941G,253336155948,833933,Raurkela Industrial Township
361,Chakradhar Chhabra,vanyasundaram@example.net,3750296647,MNAHR3864D,590620629454,686261,New Delhi
362,Kamya Khare,zilmil90@example.com,6999882648,ZZENM4258C,690523364577,314938,Sirsa
363,Xalak Mittal,deoomya@example.org,8532763623,SJUGP4843U,866142196733,1686684,Gandhidham
364,Veer Rao,abhiram40@example.com,7775218779,QZZYM8098N,465061896724,2253276,Korba
365,Nathan Khurana,lkhosla@example.org,6302900757,MCIQG8536O,865777379259,714132,Kishanganj
366,Krisha Mody,tratta@example.com,1702882057,IFCBN3408N,665953946223,1247934,Bahraich
367,Saumya Bala,mohinichhabra@example.net,4332404403,OEITQ6836K,403946030236,1921499,Khammam
368,Orinder Khanna,bde@example.net,1544489202,ALOZH1383P,956339173645,358606,Vijayawada
369,Gavin Mittal,ztara@example.net,8967257648,SPOGI3111D,368774792762,2090403,Vijayanagaram
370,Rushil Loke,raghavsuri@example.org,9047980420,NQGDU9100T,636964635016,1783972,Bettiah
371,Wahab Nazareth,nigamharrison@example.net,3568519188,AHCCV3735Z,738086235114,1286081,Raichur
372,Laksh Barman,gaurangsundaram@example.net,7123451744,HKKUO9644T,325142481174,1194642,Udaipur
373,Baghyawati Jha,shettyekaja@example.net,1071675158,OLCJE3638S,312001401105,1977267,Bettiah
374,Keya Wagle,uoak@example.net,5430183989,KISAI5654F,798901724039,1469985,Bhusawal
375,Siya Garg,qkalita@example.com,8084125045,DYSFY8519K,708947243503,765149,Phusro
376,William Varghese,manya32@example.net,3255338978,QQKGW8764D,964836018186,1758738,Bally
377,Varsha Bir,vmukhopadhyay@example.org,2482929237,BFBYB7484B,347150882763,1690643,Bally
378,Kamya Khalsa,senbhavya@example.net,6634910413,MFLWS5801L,208851204358,1844972,Jamnagar
379,Theodore Gour,dsahota@example.com,8367114901,KMQBK1506H,159481278707,1512149,Tiruvottiyur
380,Zaitra Lall,sathvikdevan@example.net,5968482868,YQPRE5290Q,631891538275,2376247,Sambhal
381,Xavier Sarin,dkuruvilla@example.net,1582094449,EDHWG4518K,734876433474,367919,Bilaspur
382,Ladli Mistry,tarabali@example.net,2530259980,IKRJU6772I,910516213569,1676766,Vijayawada
383,Amara Karan,harrisonchahal@example.com,0439290922,CAINP3316A,154135878273,1273634,Rewa
384,Gaurang Kaul,henryperi@example.org,3501999042,MIZWZ5630N,365593729208,1510161,Bahraich
385,Qasim Munshi,jbobal@example.net,6652059228,WNHEX5881U,512694672809,484536,Thoothukudi
386,Bhavna Keer,abhiram18@example.com,4475380253,FONTM3974E,296750448359,367642,Pune
387,Andrew Setty,pavanitalwar@example.org,0256558047,YMAHT8511A,112938573303,720123,Srinagar
388,Gabriel Lala,darikasheth@example.com,5713184889,YLFHH4093W,745077432058,861456,Khora 
389,Upasna Baria,pratyushdeshpande@example.org,7527332294,IPSIM6269Y,549421122770,1659310,Mathura
390,Chakradhar Dube,madanhemang@example.net,2157876462,ILXHO8351T,960259478052,2276459,Chandrapur
391,Jagvi Narayan,arjun37@example.org,9284917050,DRUUE6785Y,825615200417,1998317,Dibrugarh
392,Tamanna Sane,wrajagopal@example.org,8556476921,AMNZI8430P,677308302926,893091,Pali
393,Nirja Taneja,bmaharaj@example.org,5727863195,JSBSH4906F,873053827785,1745782,Medininagar
394,Anjali Jani,abdul35@example.org,8086958650,UKRYN8240Q,490710282697,831486,Mathura
395,Baljiwan Rai,deoludyati@example.net,8907862836,RMUIS4007A,365088062870,681797,Akola
396,Baghyawati Gade,butalaadvay@example.org,0427112692,VXSVS4447W,845471238696,1591054,Kadapa
397,Chaman Deol,yoshita45@example.org,1256292676,MZIUU2092R,289128828596,1360680,Jamnagar
398,Urishilla Banik,siddharthgala@example.net,0745727048,JZXXW3233Y,629469786202,2172287,Karimnagar
399,Yamini Aggarwal,pratyushmann@example.com,0985813324,HALWB7435U,376124916615,1061739,Howrah
400,Zayan Baral,divyaissac@example.com,2161646155,RLLWP1919Q,160152160630,1290978,Kurnool
401,Luke Varughese,zayanlalla@example.com,9404036914,VFQOU8519P,858924130561,397012,Cuttack
402,Hiral Balasubramanian,hkhurana@example.org,3137074471,PCKUR5550C,904190015728,1287297,Visakhapatnam
403,Saumya Chauhan,labandixit@example.com,8925115325,JEPMK3050H,155777872079,1338179,Katihar
404,Tripti Dar,vkar@example.org,7687098056,KISEK7070E,466147404766,1258745,Hapur
405,Brinda Wadhwa,devansh16@example.net,7124705022,GBEBQ4601C,630581271272,698321,Kishanganj
406,Advaith Goyal,fitan33@example.com,6535677419,CYBCI6849X,817574097378,1666135,Berhampur
407,Quincy Ghosh,sbarad@example.net,0809995156,LUTIT1685U,982657375078,1292939,Mehsana
408,Ryan Soni,maya10@example.com,1975096177,VRFQE8512T,743786465863,962461,Surat
409,Vanya Saran,onveer43@example.com,2970026481,LOBVU2341P,973700260263,849636,Tirupati
410,Eiravati Jain,isaiahgolla@example.org,3184349589,NWDVU6582D,447335874812,1335776,Muzaffarpur
411,Forum Sule,mannanmanthan@example.net,6636485184,KUUPH9751I,241351620120,1999185,Bhind
412,Azaan Hegde,wishi45@example.org,9518842710,BKZRO7555E,148909701058,1345075,Hindupur
413,Pahal Sahota,aishaninazareth@example.org,4533318185,WBZMJ3509B,469422174816,1544170,Visakhapatnam
414,Rachana Shanker,osibal@example.com,2317769514,IBQFL3716F,914658374091,1302240,Tirupati
415,Vihaan Oak,sinhamahika@example.com,8562250695,DGTJD8545T,484177139094,307731,Kharagpur
416,Rehaan Mannan,boasemanya@example.com,5887535786,ZEUVQ9351J,234972326868,359101,Mira-Bhayandar
417,Lekha Bakshi,lmurthy@example.com,8581772112,VJPIK3661H,389186586264,1612991,Pondicherry
418,Vivaan Sankar,ektamemon@example.net,7852221019,RCSXL9972E,383254118650,872404,Baranagar
419,Avi Vohra,lavanyaramachandran@example.com,8887529259,XNVYD9211S,106762868041,330544,Katni
420,Madhavi Kumer,bordebalendra@example.com,1051075338,KCWDW5116S,620009555881,2457611,Sonipat
421,Vincent Dhar,neelpanchal@example.org,9004187072,VJKGD4587U,462723713984,452294,Tinsukia
422,Pavani Chakraborty,purimaanas@example.org,7386836221,WMNMK8933E,110442194864,1266393,Bardhaman
423,Aarna Munshi,vrattan@example.org,2816564051,SEAOJ9649D,560022050900,334193,Tezpur
424,Patrick Malhotra,takfaqid@example.net,0335635270,RVGEG9957Q,741905645172,1563014,Tirunelveli
425,Ekapad Lall,riadeo@example.org,5986814397,DANCR4014D,252974613714,625814,Guwahati
426,Yashvi Balan,aayush09@example.com,7480300108,GVYUU6988N,593940078838,1780317,Singrauli
427,Krishna Pillay,chadaekaja@example.com,6857125034,YEBBY7120R,271173828892,1212084,Gangtok
428,Bhavya Golla,qkhanna@example.net,7897354425,MMWJX5624H,677662634831,2282486,Tiruvottiyur
429,Vinaya Sarraf,zansi91@example.com,1334669272,SIECF8760Q,364038738536,1140842,Saharanpur
430,Upadhriti Gala,yashodharapalla@example.net,1722446977,IPQWH5904U,257009668682,1251860,Farrukhabad
431,William Chand,jaidesai@example.com,4335500124,XEWZM2286G,314185397593,1629154,Darbhanga
432,Shivani Sahni,bajwafariq@example.org,1559130411,EUINT8562C,969611308568,2344150,Saharsa
433,Ryan Kota,netrakeer@example.com,8907135713,ERUFR8477R,911607649425,1727163,Hosur
434,Pooja Raja,minhasbhavani@example.net,4316149316,HJOHA9535C,502926689595,547577,Sasaram
435,Vincent Nazareth,deshmukhyashoda@example.org,9925521994,AYHLW5380S,575714694609,1948090,Sultan Pur Majra
436,Advay Guha,isingh@example.org,5816826660,TAKBD1546O,181272949269,2424512,Davanagere
437,Kamala Johal,turvi13@example.org,6175988607,RRUXS7895G,336099946012,2463857,Madurai
438,Niharika Karnik,diptadeshmukh@example.org,2703002661,WKHWZ9952F,690900159076,2199753,Pune
439,Bahadurjit Suresh,mitesh40@example.net,9702728321,XFMHG3754S,920400563409,597061,Jabalpur
440,Yachana Pingle,valawatika@example.net,3608246992,GJCNU3202Z,925108793862,1384296,Surat
441,Isaac Hayer,balveersubramanian@example.net,5976002525,FDKBC7473Y,337412593423,1863366,Morena
442,Libni Chander,amol35@example.com,3371312203,LBUCX4170R,680401768734,1481855,Ajmer
443,Ekta Mitra,harrison46@example.com,7495190801,KFHHI7761R,423909381053,2482906,Ahmednagar
444,Unnati Gandhi,msawhney@example.com,7460384673,GMDZY2704X,344480143978,1594851,Hajipur
445,Indali Arya,onkargoel@example.com,2345760479,MZLNW4222V,510226842461,2187695,Bhagalpur
446,Luke Chanda,qmangal@example.org,2859925789,WMHVJ3307Q,960686643895,701287,Uluberia
447,Aahana Johal,charvisahota@example.org,5118903658,JQVSS9278C,244819299331,1715181,Salem
448,Zashil Goswami,bhavikamittal@example.org,5753333187,UANGB6245B,900069958192,1814806,Yamunanagar
449,Tejas Shanker,ekansh81@example.net,1707735015,PEYBL9440T,483725787135,715774,Belgaum
450,Harrison Hora,henry45@example.com,4813133329,TOZYK7872I,966651673020,461920,Haridwar
451,Aashi Dave,aryancherian@example.org,0367179010,HRIYM9873M,606725680513,1013011,Satna
452,Sara Gade,fuppal@example.org,7938863681,EIABY9727F,262766030956,2340836,Uluberia
453,Anjali Vala,qdas@example.net,0142335853,JZHRM7824E,520027687226,427938,Tadipatri
454,Ekantika Ray,groverhamsini@example.com,1676950863,LVMPA1930D,194651971449,856886,Bidar
455,Radha Dhar,ishita97@example.org,5915811841,IJCBK2994L,872028638324,2403123,Mango
456,Shivani Kari,chanakya09@example.net,2469650444,OGXQO3596X,560192093776,600015,Vasai-Virar
457,Pranav Tata,reyansh92@example.net,8739345464,YHRXA9541K,749990737982,1200484,Bikaner
458,Jagvi Sekhon,leelakar@example.com,1413913754,ZAHQI5751I,602892508811,2096527,Khora 
459,Ekansh Nayak,zprashad@example.org,4684476551,XDMVJ4013X,784179013868,2215175,Hosur
460,Nitesh Pall,qsagar@example.com,2630320878,RKVJD6666A,604251354647,881577,Ichalkaranji
461,Januja Shah,duttaabha@example.net,1881668913,GJZQG4574C,966329315293,346713,Nangloi Jat
462,Victor Chauhan,cheemagayathri@example.org,4984933611,JLEKP6177M,376533243529,985115,Asansol
463,Ayush Kant,handatanmayi@example.net,5638794147,SLKLK8052P,477924383483,2412314,Pali
464,Geetika Tripathi,nidrapuri@example.org,7773792451,XQVYB8331A,364309040628,2244383,Gandhinagar
465,Lakshmi Mani,vasameera@example.org,9763005475,LAIMX6014J,556849438112,1355448,Jamnagar
466,Ishaan Gade,manderzarna@example.org,4443985985,VGVZX6772Y,123537067841,2063841,Amroha
467,Harish Kalita,zilmil80@example.com,1639269439,MRZEH3255M,757131159956,450160,Ahmednagar
468,Ojas Bera,urmikothari@example.org,2790788596,LCJOE7212T,481170099762,1347543,Hosur
469,Shravya Virk,maanav17@example.com,3076842923,DQJWK8035R,833659224965,2236718,Mau
470,Jai De,onilalla@example.com,8467331074,AVRJF9025V,137071514469,1159695,Bhind
471,Warinder Raghavan,sarthakmishra@example.com,1766886715,XRBIO4379K,983956636314,2297762,Jalandhar
472,Aditya Shankar,trivenirai@example.com,1327702436,JPMVY7730C,833987178491,621612,Noida
473,Amara Chandra,varmayadavi@example.com,2579305198,FUNRL5953H,187693186358,1091409,Kollam
474,Ira Sahota,kritika75@example.com,5374200857,DVLHT7920K,349224400270,1192862,Aurangabad
475,Ekapad Dutt,saumya97@example.net,1783649520,IHTKY6722C,775472753655,390723,Patna
476,Bhanumati Jhaveri,amaira84@example.com,1344015149,WGQTC1637U,364566493901,1724967,Ambattur
477,Arjun Dani,samitarak@example.org,0303932844,IYDFW3876F,443044011400,2306796,Latur
478,Charles Loke,azaanchawla@example.org,4997405827,NQNSE1057G,496481571885,1774850,Karawal Nagar
479,Aarna Pingle,naraintara@example.org,4380329292,LUJHX4111A,134795411822,2039207,Gwalior
480,Oni Doctor,hritik11@example.com,8581181342,SHYIE6659H,650749938937,2078835,Kanpur
481,Nisha Wagle,kibeyoshita@example.org,4482595535,AGTFX6310I,155367619322,1884608,Bhiwani
482,Indrajit Om,murthylibni@example.org,0115096457,SRMAQ8963Q,875640628656,1134960,Jalna
483,Ekaja Sastry,raghav10@example.com,0945791671,WJDUS8665E,904965154963,2108248,Hosur
484,Ethan Basu,raviumang@example.com,8536274213,EZTZR2430R,133914462011,1773569,Visakhapatnam
485,Balveer Goel,narasimhanwaida@example.com,6838904929,KRFGY5277H,493776434406,1749496,Bhopal
486,Lekha Mitra,graj@example.com,6836237234,AJAXQ9894V,732167695436,2468618,Jorhat
487,Jatin Patil,rbava@example.org,5829641957,QTUNG1029R,600071714370,1832234,Latur
488,Kevin Malhotra,badamiindira@example.com,3837373134,NPSEV7935E,162616744367,318990,Durgapur
489,Azaan Dara,samesh98@example.org,6471700446,YYOOT6236W,872641709114,2003281,Chandigarh
490,Laban Mammen,sachi82@example.com,6390531404,RCBDR8872Y,692991952300,2377147,Kochi
491,Laksh Pillai,gouroscar@example.net,5420540192,PALZV4093C,875830114574,1013821,New Delhi
492,Neha Rajan,llalla@example.org,0234884234,JUKKH8894U,121771120502,911176,Sri Ganganagar
493,Deepa Kar,ati22@example.com,4236371493,CMVVS7890K,689607611256,1101284,Deoghar
494,Rishi Gade,theodorelall@example.net,3546146454,MWRQE2455N,346053630471,1030398,Sri Ganganagar
495,Utkarsh Bhandari,jsen@example.net,3732007922,AMTGL8737B,916770151467,1804016,Alappuzha
496,Yauvani Solanki,divanyashvi@example.net,6645271450,SKZKG4898S,425278094173,472134,Sagar
497,Gabriel Natarajan,virajranganathan@example.org,9997180878,EHCFJ9703Z,474162792518,1541340,Surat
498,Netra Kunda,bachittarvarma@example.com,6695092120,NHUXV3511E,307841892934,2120011,North Dumdum
499,Hemal More,saumya34@example.org,8093194574,RCETU8556W,425833967353,1621033,Kozhikode
500,Jalsa Dugar,dingarima@example.com,4428714989,REJBH2598J,969406516386,600415,Silchar
501,Yatin Sarna,niharikaprashad@example.net,8846842098,EDEYW3427Z,364104863647,2485615,Gwalior
502,Jairaj Sood,mbumb@example.com,3935978400,GMZTL3972Q,396300240053,2157885,Barasat
503,Waida Ghosh,jhalakbakshi@example.org,9405083620,MEBCN9730Y,587582403509,1700504,Lucknow
504,Yoshita Gola,hpandit@example.org,0932532336,TVXZE6297C,716412736768,1139485,Chapra
505,Zarna Hayer,kulkarnilakshmi@example.org,2476400333,XOGJF2576T,454673869155,509284,Madanapalle
506,Fariq Manda,skonda@example.net,6939492635,TXKBX1878N,791734817046,1131299,Durgapur
507,Barkha Varughese,ozareva@example.org,8423860655,VXQYO9600C,872104867905,857657,Ludhiana
508,Aryan Batta,luthraradhika@example.net,7510005081,JMDSE4063L,572801594397,2365585,Bhusawal
509,Bhavna Bumb,anusha04@example.net,7217615518,AVHNM1075J,993122638103,542544,Surendranagar Dudhrej
510,Bhavna Mand,jrandhawa@example.net,0572848267,LZHHW5012M,179512166282,1768473,Salem
511,Chatresh Date,vanya83@example.net,7551055359,MOAYZ4476O,177788319790,1986828,Rewa
512,Gauri Sami,jairaj09@example.com,0203027984,XKBKW2313V,190428050978,2341423,Bhilwara
513,Dominic Garde,auroravivaan@example.net,7978224557,TDFVG2382L,398953683531,2499131,Uluberia
514,Libni Joshi,unnativiswanathan@example.com,6776928077,UBCWI8478H,854508235609,1074782,Vasai-Virar
515,Elijah Kapoor,rajagopalanryan@example.com,7882452755,LKDVF9269H,652002862346,2361318,Bhiwani
516,Nirja Sanghvi,ekanshtrivedi@example.net,3527841447,XPARG4150V,364667324851,478302,Bhiwani
517,Anvi Majumdar,indrajit12@example.net,4968404894,MPKSU2912R,716252996120,699958,Jodhpur
518,Bhavani Sood,ladvictor@example.net,3903705792,QTTRJ4636B,580537620471,1713572,Bihar Sharif
519,Aradhana Nadig,sharafutkarsh@example.net,6071427171,LTJQX9696L,447858972463,876529,Bulandshahr
520,Lopa Sankaran,nishamanne@example.org,7410307312,IAVSR8000Z,352620190489,1274354,Mangalore
521,Daniel Vig,sainipavani@example.org,0292489368,YMSGK5938K,820357165700,2000991,Satara
522,Alka Buch,ikshitanatt@example.net,5410739946,KYEDC5228G,670164140059,1372073,Vasai-Virar
523,Farhan Majumdar,ikhanna@example.net,5464029184,SPPOH6899V,761865853320,1920048,Karimnagar
524,Caleb Kuruvilla,zashil87@example.com,8665626306,XPHXB1656B,485347189749,2359843,Jalgaon
525,Anamika Suri,sodhiwaida@example.org,1773767609,TSBGM1545P,307568316134,1687806,Sikar
526,Prisha Devi,swamycharvi@example.com,8648486922,QQMJK2463R,193549597498,1617919,Raichur
527,Henry Mukherjee,vedikasangha@example.net,8348310836,UAJUF9414C,956515830232,1522926,Bahraich
528,Finn Patla,nishalad@example.com,4230736869,SEVFQ4774S,387918261401,1181188,New Delhi
529,Vasana Sura,watikapalan@example.net,2448096558,YFVTA7431M,728096550195,792122,Warangal
530,Xavier Natarajan,guneetgade@example.com,0210772783,XJLWW6360Y,830210832150,339599,Chittoor
531,Chanakya Palla,bdhar@example.net,0614758834,DRDKL2285P,360980591170,1370297,Sonipat
532,Upma Babu,anvi14@example.net,1176522550,YNZVF1394O,446726027338,715780,Hosur
533,Garima D’Alia,agarwalvarenya@example.com,3977059476,UVDPA3163K,620314250151,1232414,Kavali
534,Alexander Dubey,ggour@example.org,5771456994,PHWIZ4384N,297982542889,1064793,Chapra
535,Eta Dalal,chaudhariaditya@example.com,5930284383,LVYQA4478H,182721573432,1969962,Durg
536,Balveer Boase,krisha54@example.net,9933890166,BEHEI2073W,237527263253,1820870,Shimoga
537,Chandresh Vyas,datefariq@example.org,9204402485,SXXYB9965U,624529907570,1237672,Avadi
538,Qarin Bhat,ekiyaaggarwal@example.net,5995946303,EFSDI3593T,780448701842,736061,Rohtak
539,Qarin Bajwa,ansh81@example.com,7471251489,YAAZI9748U,672179715212,2322277,Muzaffarnagar
540,Daniel Sem,wableanya@example.org,9040090773,OWKLF2027R,489222687181,1809445,Bettiah
541,Xalak Ratti,bishakhanayar@example.net,0807518738,CWXKT2492M,585438877560,1240894,Gulbarga
542,Radhika Walia,snehachandran@example.net,1197813722,ZDOYF4111J,355023622511,1550719,Rohtak
543,Ishaan Chand,naidusai@example.org,8180965443,EMCOP1797A,276783077232,1599576,Durg
544,Hiral Gara,thakervanya@example.org,1869517064,ZINNF6147I,716405967529,1851689,Bidhannagar
545,Janaki Narayanan,anitasandal@example.org,2644856693,TBORO9160Y,162294989435,840023,Kolkata
546,Yamini Nair,kborde@example.net,8230845308,TXYLF5141S,838845926531,2395005,Ambattur
547,Arya Bassi,andraluke@example.net,3254160031,SCFGW1457Y,798439058687,518580,Katihar
548,Maanas Dugar,gnigam@example.com,4005060527,LYBDK7010L,776759527518,1815215,Amravati
549,Azaan Natarajan,tanvi01@example.net,6163069114,YOUQV5011V,538632367862,1714814,Bongaigaon
550,Dhruv Khare,krishna70@example.org,1478944911,JTLZL2093Z,273461065637,1385580,Katni
551,Laksh Nadkarni,wallaeesha@example.org,9753130217,RPXWW4050Q,929607110441,1799191,Sambalpur
552,Balendra Iyer,zmangat@example.net,4863057152,AIWHF4697X,751959247957,606318,Gwalior
553,Vansha Tank,charan18@example.com,4126396406,SCQST3455M,428381182071,1304425,Kumbakonam
554,Lakshmi Chawla,wwagle@example.com,1675028678,HPNJY3006E,936744709775,1896134,Bhiwani
555,Garima Tara,sharafjacob@example.org,0680471165,FHJNK4919Q,399087025827,1402864,Jaunpur
556,Chakradhar Hegde,yashicapathak@example.org,2854559251,ODLJY6421S,626207478728,2324040,Belgaum
557,Zaid Panchal,amadan@example.com,1558462321,YAOCX2640X,898654689839,2333019,Motihari
558,Yutika Dube,tanvi97@example.org,8967185493,QQCNB8149M,181058299937,2041099,Pimpri-Chinchwad
559,Ekta Nagarajan,bhattacharyyakiaan@example.net,4555029493,PFTHT1629I,982605967503,1182031,Shahjahanpur
560,Balhaar Goswami,divya12@example.com,8130555049,ZCVFG7664B,645544170275,1868145,Muzaffarnagar
561,Nitara Sarraf,rachanaraman@example.net,1490450697,MVZAP7037Y,649835240546,494047,Kadapa
562,David Biswas,vigvivaan@example.org,2235811257,ZUPVH3458T,111555201041,313119,Kochi
563,Ansh Lad,urvimemon@example.net,6259771194,SWOHT7041Z,759366106430,2432224,Guntur
564,Abeer Ram,ucchal52@example.com,1221927700,PUCWB6820K,662524199490,307147,Jalandhar
565,Deepa Gole,qmadan@example.net,3721536538,QJHQR3617J,472235155759,1268924,Ajmer
566,Gabriel Patla,iranganathan@example.com,4654403855,XDLXT8870D,219370399024,1673233,Bhavnagar
567,Bhavani Narayanan,baliabeer@example.org,8684187580,ZMPOA6174Y,742603009562,1649750,Coimbatore
568,Anusha Chacko,victor31@example.org,8369259659,FCWVZ8045H,195326003803,966721,Naihati
569,Zehaan Bhagat,uswaminathan@example.com,8226118761,JBDFT4840T,686627692386,1978306,Kharagpur
570,Harish Soni,krishnanalexander@example.net,2114290824,EBZDX9464J,931498926165,630229,Gopalpur
571,Veer Lanka,omkala@example.net,7336547997,FYRBQ2990B,327023092264,405940,Motihari
572,Yug Misra,mandgaurika@example.net,7682267755,OZLRT3657X,728785362449,2113716,Pondicherry
573,Adweta Borra,hkanda@example.org,8031185791,ROVQD8470K,934753797440,1608770,Jhansi
574,Gunbir Narayan,banjeet58@example.net,4680552141,ZZCXQ8589E,610547104669,1777052,Kota
575,Xiti Bandi,upmaloyal@example.com,6354103555,QCPSG7415T,297631490990,846271,Bardhaman
576,Zansi Rajagopal,ngopal@example.net,2051065876,KYBXX1909R,292503588377,1086383,Kakinada
577,Logan Tak,behljanuja@example.org,3866048638,GVQKJ9586X,411940044128,2076026,Bhusawal
578,Banjeet Kannan,anirudhtoor@example.com,4046387028,XOSXJ5201E,130464116169,1199403,Davanagere
579,Yoshita Grover,raghav24@example.org,5615949744,WJSCK8726X,407316182961,1642500,Agra
580,Henry Gade,vlad@example.net,7028401041,HVHGI3208K,146386407699,1282698,Kozhikode
581,Chaman Narula,wazir96@example.com,4938150772,VKSCI7403C,472739769140,2211028,Thanjavur
582,Vanya Mitter,alkaperi@example.com,3047648099,UMEPY7010C,431776663975,309585,Chapra
583,Yochana Bala,jeremiah68@example.com,3753530392,MGAOB2567B,101720292292,1456489,Bongaigaon
584,Megha Dara,maanas00@example.com,0818412708,HJCJS2020W,563649773702,935261,Kulti
585,Rishi Murthy,mbali@example.org,0960929265,SLUQG3100G,819407303224,2097028,Patiala
586,Hemal Raju,nilima01@example.net,3552589843,FUXTM2631A,558348377610,2101079,Bihar Sharif
587,Ronith Srivastava,nchoudhary@example.net,9789671890,UYWKD9096L,475622557994,876122,Bhilai
588,Chanchal Kapadia,bvaidya@example.net,8617957400,NGYWI3952Z,258759302135,1332223,Anantapuram
589,Vedhika Rajan,lavanyamurty@example.com,2706996531,YUUYI8410Z,840842482091,623701,Gandhidham
590,Sathvik Vora,naidujasmit@example.org,4223894689,GVYHD9444S,780886808631,2091803,Barasat
591,Mekhala Palla,gdhingra@example.org,7615037638,OZURD4692I,840168754736,1935670,Ghaziabad
592,Mitesh Bail,ogarg@example.net,0282917695,NNAMO8902F,945294744183,1482622,Shimla
593,Brinda Kalla,hsundaram@example.org,7248552918,HAAWU2516Z,919127392831,2310784,Sri Ganganagar
594,Darika Bains,dayamaisani@example.org,5204849385,HLZCI9948X,250643343500,2352254,Vijayawada
595,Liam Lanka,hema78@example.net,3086987828,KONLR1764X,804177383768,2023861,Madanapalle
596,Vincent Date,rachitaghose@example.org,9199603371,XTVSF5871D,739626763828,430775,Vellore
597,Jeet Chaudry,triveni00@example.com,2102502920,PMVLG9445Q,412063081532,939797,Bhiwani
598,Adya Upadhyay,seshadriaarna@example.com,1263958198,ALKHK2956E,561437443948,724682,Satna
599,Nathan Trivedi,wablegauri@example.net,7286529063,LTKDD3702T,525666073501,2390651,Nadiad
600,Chandresh Chana,gaurang67@example.com,1770533328,WJBKQ2914M,790965023458,1348389,Gulbarga
601,Vedhika Choudhry,jasonsura@example.com,5681758534,MLRVZ5606S,524651198389,883255,Nanded
602,Amaira Bansal,ysahni@example.org,0362369702,BNNGD5253K,485837008849,2070051,Pondicherry
603,Victor Garg,janidiya@example.org,1248630545,GFEAY4136S,110221379955,1077036,Thoothukudi
604,Ekavir Saini,zashilpradhan@example.com,8099163629,REYKG2520X,281978983041,1827366,Gangtok
605,Tanveer Keer,vnagi@example.net,6278546724,YMBCV8776L,670960120913,826792,Mirzapur
606,Dipta Modi,jeevikajhaveri@example.com,5598452527,TTOAV2766V,970432565577,1589333,Jamnagar
607,Owen Borde,bhasinyauvani@example.net,8258054796,SCIUX2974L,691263908075,1316846,Rourkela
608,Kamya Gour,cbanik@example.net,0044273863,FABCL3095P,773650683405,730105,Raichur
609,Karan Dhar,narayananzinal@example.com,3028828745,HWFZH1387Y,520320858340,1179223,Motihari
610,Odika Wadhwa,yashodaiyer@example.com,9198899623,VVXLO9787K,402915887300,596966,Danapur
611,Avni Kade,advaith37@example.net,1539446230,UFDMH2120Y,102674851773,1768304,Bhopal
612,Abhimanyu Sunder,bhagatorinder@example.com,5765746073,YNVCN1589A,400155218711,2480416,Bhagalpur
613,Anusha Bhattacharyya,darsh97@example.net,8575824767,SGNQL6914I,266699771292,2291471,Dewas
614,Nachiket Palan,tmenon@example.com,1516355517,ZJHSI2353V,341614180670,2069706,Narasaraopet
615,Rachana Chana,bhanumatilata@example.com,1225489833,ASDHS8758B,354431713394,342546,Bhalswa Jahangir Pur
616,Janaki Thaman,vrinda56@example.net,6561332391,LIXBL4212X,737893013760,1165295,Jaipur
617,Jagat Soni,pshanker@example.net,5899789532,ATNKL4093S,965418383322,2196586,Gaya
618,Ekaja Edwin,aarnav29@example.com,6587131166,FOWKN6357Y,892142925735,424029,Korba
619,Siddharth Lata,agastya50@example.com,7797393099,MYGFV5026K,813788121393,1557384,Anantapuram
620,Pahal Basak,ubrar@example.net,9798430953,TRZEO4069T,402085451445,1921211,Siwan
621,Charita Dugar,xkhalsa@example.com,2098339985,OTTWH5063X,228760213980,1904102,Anantapur
622,Tripti Jani,charan52@example.org,1297758487,KACUD4193T,715270964801,867366,Bhubaneswar
623,Krisha Rama,sethiaishani@example.net,1279527220,ATYFX9871Q,512070561411,863671,Firozabad
624,Laban Zachariah,omkaarbarad@example.org,1359776855,CBZPL4175A,333940216031,549507,Miryalaguda
625,Pooja Krishnamurthy,shahharsh@example.net,0231657460,ACJFB2779E,840929250084,459439,Tiruvottiyur
626,Pooja Mukhopadhyay,mahika25@example.com,0867444434,JAHES1007I,459674116734,1583560,Ahmedabad
627,Balendra Peri,nicholasshroff@example.com,9421947931,UDCMK1851C,274416382136,1022083,Satna
628,Forum Mann,nborde@example.org,9557920885,FFCPI5723B,965912738372,749207,Dewas
629,Azaan Andra,hsarin@example.com,1151022896,LWPVZ6401Y,443808184753,1664399,Jalgaon
630,Naksh Chanda,jalsa17@example.net,4449511117,EGPDT2420L,993054978397,1456824,Imphal
631,Warhi Kumer,sehgalanjali@example.com,2774626874,BQCKB9008U,524147247938,1062960,Muzaffarnagar
632,Dhruv Andra,dubeychameli@example.com,7196063583,PBXVI2097S,627322514055,1366146,Amravati
633,Benjamin Chad,ydivan@example.org,6305384424,FLKTG5520O,661789231194,711070,Avadi
634,Amara Natt,frao@example.net,4155239704,WBBMU2916W,206429831785,1886633,Hindupur
635,Kala Hora,elijah29@example.com,6059093302,WDUAH7314F,778948215150,1070062,Vadodara
636,Atharv Pau,dewanradha@example.org,4173942709,KNHCE9745Z,241746921154,1762385,Buxar
637,Devansh Dara,hitesh07@example.org,5123342841,YHUHN7931C,427864098512,1915025,Jhansi
638,Oliver Khosla,sneha16@example.net,4728830270,BYNSW1053D,785963600046,1060716,Sultan Pur Majra
639,Anvi Kashyap,zayyan38@example.org,1433169294,ZVJSK6574S,138441901937,2293196,Tadepalligudem
640,Veda Pillai,ccontractor@example.org,0710580073,MWUGA3602X,657350304285,2477687,Pallavaram
641,Urmi Karan,birsamesh@example.net,9220442279,ASMUY9999C,784639490235,1707315,Pondicherry
642,Gaurav Shankar,lakshmipandey@example.com,5042512453,LGOME8797P,619504555765,1634182,Ramagundam
643,Noah Palla,vaidyadivya@example.org,8571661383,UCALT2034V,990584838574,2280164,Khora 
644,Panini Master,warindermander@example.com,1430224056,WYYBO1621C,716823000479,2148644,Serampore
645,Triya Zachariah,luke59@example.com,3789004001,OCUAB8449O,510485620857,1298413,Thrissur
646,Fariq Sehgal,bkari@example.net,1608069939,DDBIK7137E,659942466631,1588700,Madurai
647,Kalpit Mitter,gdeo@example.org,1589438845,TEUYN6230X,651119341897,1795747,Madanapalle
648,Zayan Sahota,mtata@example.net,6179838589,PEPOA5900F,373289240011,1609040,Mirzapur
649,Gaurika Madan,yoshita96@example.org,1929359008,NYJSG7410Q,471305840805,2014523,Bhopal
650,Girindra Keer,victornaidu@example.com,9494639594,SXVDS1518P,960770636656,1193090,Kharagpur
651,Abdul Prabhakar,nagarjason@example.net,9009836717,KAERJ6487S,171497143923,1790869,Machilipatnam
652,Vyanjana Pillay,pdua@example.net,9014053125,ODHBY9522Z,592186355616,1211703,Ambala
653,Alka Venkataraman,chaitanyasehgal@example.net,0880451932,DKVXU4419M,883755539109,577280,Delhi
654,Januja Raval,iyerradhika@example.net,8071937433,MUEEQ2275Y,913036644795,2313356,Chennai
655,Owen Nath,vyasjeevika@example.net,0575419861,XQYVH6097O,120413148882,1064483,Nagaon
656,Barkha Nayar,uprakash@example.net,4589683074,WDLMY6731Y,953105148214,2008736,Ambattur
657,Sneha Pillay,yauvani32@example.com,2074847676,XVKFY4623J,591094243489,638313,Hyderabad
658,Hitesh Banik,xswamy@example.net,3580537699,KHCKK6786I,353951992513,1645830,Anantapuram
659,Ekaja Morar,bobalneel@example.net,9301563411,ADFAM8792F,123493751084,360968,Ghaziabad
660,Oliver Palan,psangha@example.net,0424381278,QEBEU6869A,250483379431,728437,Varanasi
661,Maanav Pant,ethaman@example.com,5665825344,YIUMY7283K,101130680709,614258,Ichalkaranji
662,Jai Brahmbhatt,mangalarjun@example.net,1935511862,HNELX1491N,758211219880,2450867,Deoghar
663,Udarsh Saxena,rayaan28@example.net,8167904493,NPBJD6425Q,830284639953,413223,Tiruppur
664,Hemani Dugar,sachikhosla@example.com,7700397003,SLEAX6329H,602095424932,847426,Bardhaman
665,Naveen Choudhry,tara97@example.org,4874520611,UFRTQ6448L,947444762212,801603,Khammam
666,Ekavir Gokhale,wchaudhry@example.com,5858535365,NCVIY6687C,604280365811,1159848,Ahmedabad
667,Vedhika Zacharia,nachiket04@example.org,6351465306,KFRBJ5212O,387187886396,2034352,Kulti
668,Isaiah Mandal,eiravati78@example.com,6549264494,KPCJD6704A,545300068937,335376,Faridabad
669,Zarna Wason,zaurora@example.net,5976383172,GMDNQ9536B,478339964120,1256723,Guna
670,Sudiksha Gera,chauhansudiksha@example.com,9597151014,DSROJ1728E,176615083113,2166294,Shimla
671,Bahadurjit Vohra,wdesai@example.net,7062970772,DPDYZ4514U,708548007897,385530,Allahabad
672,Viraj Aurora,advikanaik@example.net,6615097420,TKOQO3746W,539460166080,1630226,Surendranagar Dudhrej
673,Onveer Goyal,ayushmanjani@example.com,8481788609,NIGUD8164P,761618759207,1023936,Dhanbad
674,Rushil Agrawal,omeesha@example.org,0021573489,YKCMI3714X,545851225797,1966969,Hubli–Dharwad
675,Nitara Grover,xkumer@example.com,4886329750,XIOIL5305U,794660857868,2390802,Lucknow
676,Guneet Reddy,boraharita@example.org,8194380463,TSZWS7778C,336720732830,1934662,Karnal
677,Ranveer Devan,guptatriya@example.org,0306095949,VHITB4487J,464748075807,2030845,Gwalior
678,Jeevika Kalla,wmannan@example.com,1565168384,TAKOS3581U,854442464329,1253432,Sultan Pur Majra
679,Karan Chander,cpathak@example.net,5932070821,ADPSU7916E,501630710352,450988,Lucknow
680,Urvi Handa,siddharth12@example.org,6430967341,OBYPO1196K,908684113937,385566,Machilipatnam
681,Zarna Chawla,idikaram@example.com,8741662252,PTAXH9839T,867222006253,816877,Aurangabad
682,Parth Korpal,vasatikashanker@example.com,0352398456,JAUTL9423H,310356466141,1994887,Visakhapatnam
683,Zansi Bhalla,qsharaf@example.net,3132563594,LIOKA5311M,838524018707,1819785,North Dumdum
684,Nathaniel Ramakrishnan,libniratti@example.net,9951255185,LJDCZ9256T,703226664227,1051238,Suryapet
685,Nachiket Tank,cdara@example.org,8203224838,ADQTM1664D,595228810154,1263064,Kadapa
686,Januja Rao,awalla@example.net,6329147252,RLOFC1917M,107793501707,2136052,Guwahati
687,Rachita Ramaswamy,ishasrinivasan@example.com,5593442610,XYCVK5089S,868033071982,490374,Raurkela Industrial Township
688,Advay Modi,bassivanya@example.net,1711400595,GULDH2228Z,346469856983,2040738,Bharatpur
689,Ikbal Kale,amol57@example.com,8832149173,VTPAG5419D,128139922237,1631651,Thrissur
690,Xavier Mangal,ysarna@example.com,1613607667,VRRZG1979Z,215346337802,704258,Mau
691,Shaurya Gala,ybhatti@example.org,7524830260,KRGDM2840D,676862409794,1367085,North Dumdum
692,Omaja Shan,pallhredhaan@example.com,5974298099,UUNLS8726O,415160455447,2092356,Asansol
693,Ekani Sachdeva,mangatbhavani@example.net,9618955810,ZRHXV9554R,624817259517,1658344,Jodhpur
694,Tara Balakrishnan,sabharwalzarna@example.com,0076630195,YAJGW8650M,139827210341,827360,Tumkur
695,Dalaja Srivastava,ggarg@example.net,9004498004,SXVUV7206T,393110418831,1038249,Durgapur
696,Janaki Amble,rajatashetty@example.com,8261594192,KUHNS2298M,754160104320,1768596,Hosur
697,Forum Kohli,tanmayikoshy@example.com,3953246768,ZALVU8754T,547445329821,875233,Gangtok
698,Onkar Jha,shahbhavini@example.org,8258296126,XBMJA3316O,146123060279,704091,Imphal
699,Ria Ahuja,contractorchaaya@example.org,6223847595,XMXMZ6842N,676582869608,638567,Bhavnagar
700,Shaurya Patel,siya52@example.net,2519657386,BYBIZ6688C,111156182160,2258206,Kalyan-Dombivli
701,Amaira Mital,vrittinair@example.org,9452863383,QWGJG5478Q,442905048767,1491502,Ambattur
702,Daksh Mody,vihaan60@example.com,6901805561,UYLCO1188S,528995216911,2267551,Ahmedabad
703,Yamini Karnik,shankarmohammed@example.net,3038703403,LBMNM4395M,534415973359,1748247,Vellore
704,Faraj Bhasin,suhani25@example.com,2259976859,BSUBL2517V,465295275530,1908391,Deoghar
705,Nandini Das,vasana01@example.com,7424412207,QJDPP7404I,927888348042,1812944,Kurnool
706,Urmi Ratta,jalsa16@example.org,5437044854,EMXWH7497G,242605093540,1287382,Nagaon
707,Nachiket Chawla,uchandra@example.com,3898185134,IHIIW6738K,419859994831,1798417,Karawal Nagar
708,Jagat Halder,ywagle@example.com,6005973339,MRUOB5312V,789013421021,943539,Rewa
709,Osha Mohan,yauvani84@example.com,8017297830,XKGXL8965V,167318081180,1836944,Ludhiana
710,Urvashi Prabhakar,wvarty@example.org,2264918338,MDJFQ9668X,533554603360,303081,Bhubaneswar
711,Janaki Dara,bahadurjit47@example.com,9759528361,BNYVV3604J,296646293504,870878,Bhavnagar
712,Nihal Goyal,frederick53@example.com,6080444029,MZYYV7592Z,537782903621,2035868,Chinsurah
713,Manbir Edwin,cdugar@example.org,6215974469,AHTOG8648Z,771022241746,1768828,Mehsana
714,Shivansh Ramachandran,avni90@example.net,1551302916,ELYZE9002I,186970072513,1422378,Vijayawada
715,Samarth Nagarajan,amarabhargava@example.net,0422258564,HZGZY3951T,584719600906,2230847,Kharagpur
716,Pranit Sridhar,mahalradha@example.com,6330168522,IHUQC2219I,839474213900,1624369,Nellore
717,Ekapad Sridhar,kritika67@example.com,8153018776,AHLPE5860D,283183319593,1614594,Bhalswa Jahangir Pur
718,Ojas Kala,tyohannan@example.net,6499947298,CFWSH1255G,694568270773,2233438,Bhilai
719,Saksham Magar,chandresh99@example.com,2960600333,DXOHJ5828A,255617000187,1582823,Dewas
720,Aadi Acharya,vigqasim@example.org,5682797548,RNBEZ8103P,741477526252,763582,Kanpur
721,Zaitra Suri,zmody@example.com,5410120155,XSUXN6654H,696137233944,1719111,Faridabad
722,Warda Gade,amruta50@example.org,4074397582,VNVWO1647Y,859125276661,2125546,Tinsukia
723,Shivansh Arora,damini93@example.org,2102807604,VEJUU2962E,543816877110,2228746,Unnao
724,Onkar Trivedi,mugdhabassi@example.org,8224799505,LRKBR9830P,693026590186,1339316,Warangal
725,Nidra Sharma,ishanvi55@example.org,2630083913,QIKFN5857M,486961740809,742057,Buxar
726,Zansi Chaudry,vbali@example.org,7646520445,GTSYI4101T,559654863473,1735401,Junagadh
727,Chanchal Sharaf,zilmil10@example.net,2658498503,UYHBQ4758V,623884517528,411595,Morena
728,Omkaar Bajwa,gaurika60@example.net,4432792985,ZDNQA2838C,698695216284,1908991,Pallavaram
729,Arunima Choudhry,arunimauppal@example.com,7182738295,UHLHB8635M,502634167467,1902707,Bhagalpur
730,Dominic Manda,yauvanidass@example.net,9912634377,WQNGR3805G,402417509951,1075150,Burhanpur
731,Neha Sawhney,ishaniarya@example.net,5319577143,TDHCY6112V,524783289650,985472,Anand
732,Vidhi Bhatnagar,varughesetriveni@example.com,1539465514,YIPEZ8818O,578935468804,1928436,Erode
733,Chaitaly Salvi,prashadmohammed@example.com,4131942012,ZIUIO7114M,905987881595,2219076,Katni
734,Rachana Dora,warhi93@example.net,4113488377,BDEPA1254W,226860781699,2356599,Anantapur
735,Netra Bose,vaidyaanirudh@example.org,2412302967,KPSOI6345I,448968556751,1141076,Singrauli
736,Jatin Dewan,ira94@example.net,3774545821,GEARH2587F,453287004305,364594,Proddatur
737,Nandini Suri,yatin01@example.net,7430789594,LESML4547B,770526433545,1948186,Ichalkaranji
738,Ayaan Buch,nthakur@example.org,8765187726,MAUET8625K,543051692424,2141022,Davanagere
739,Mason Thakkar,sanyakakar@example.org,1356740315,THYBC9937L,424189244120,2345927,Bilaspur
740,Azad Wali,pathakrachita@example.com,4049666240,ZEBGW2780Q,947008846302,735573,Malda
741,Yug Tank,mdhaliwal@example.com,5618353942,MHZXE7817A,212448963540,770443,Junagadh
742,Krish Dhar,faqidmurthy@example.net,3801025174,MJPIV9385F,561598310587,1463863,Bhubaneswar
743,Leela Iyengar,advaith30@example.com,5666059162,EXPKB9994T,589967834487,942288,Bongaigaon
744,George Vyas,david97@example.com,8339150285,CGFDJ3021P,105641712635,2178048,Vellore
745,Prisha Uppal,sankarveda@example.net,5431405187,ZQMIB3378Q,391991026702,1781714,Jalgaon
746,Chandran Dubey,sidhuharita@example.org,3983174755,KDMBP6125H,250116837461,2155370,Kottayam
747,Lekha Deshmukh,yutikachander@example.org,1413657021,WPVLK9698K,513005759519,885546,Rourkela
748,Siya Das,sradhakrishnan@example.org,3391699254,GZCRD6952F,156207069253,2235549,Pali
749,Vasudha Badami,vkeer@example.net,7247416868,KNJSG9577A,445058333941,2041560,Jodhpur
750,Gaurang Bhalla,hariaarna@example.org,6583260499,AKPKS1903C,478274000578,1827044,Tinsukia
751,Anthony Din,zaitra25@example.com,5586538631,QEJCB3093R,966164814726,2108349,Asansol
752,Bimala Raja,hanssimon@example.net,4759248662,MKPBD9560R,728495644271,1391686,Nashik
753,Rajata Chanda,amani@example.com,6208021569,BTLUL6437D,540810895287,410969,Ujjain
754,Vritti Kaul,david79@example.org,8194111605,BASUW9537H,507935846819,810123,Durgapur
755,Bishakha Lalla,fsastry@example.net,8719746245,FUTSR5591O,822151948021,1323431,Bhagalpur
756,Qushi Chander,hemal74@example.org,9364680070,HOMHE6241A,819494387905,1235632,Durg
757,Aarush Hora,sanepallavi@example.org,8162463788,GUIJV5830W,511457135451,2334946,Chittoor
758,Ekavir Sarin,fitangaba@example.net,7931154816,PVKUT5774D,938700336344,2499010,Bahraich
759,Nihal Aurora,ekantika94@example.net,2298011001,SHOEH4885N,985381314775,1461765,Kolkata
760,Osha Sarin,devchadha@example.org,3035525743,MRYTQ1179J,176540961949,2221284,Jalandhar
761,Samaksh Dhawan,fsethi@example.com,5568473229,GATCK5230R,845138411776,2057129,Khora 
762,Nachiket Som,vsethi@example.net,0184034506,KUMBT4953S,829194543819,600556,Giridih
763,Yatan Arya,kallarushil@example.com,6278558907,LUOOY1507J,775119611364,583708,Dehri
764,Ojasvi Mahal,lbath@example.net,6668781061,NYWMG1179M,433375927497,1587118,Chinsurah
765,Manthan Bhargava,alkakrishnan@example.net,4716088506,XPTKZ7133M,396759193102,1280824,Srinagar
766,Manan Sundaram,edwinutkarsh@example.org,1616321424,DXPUZ3078H,815583837254,1641622,Ujjain
767,Gayathri Date,raishravya@example.org,4186439991,MYJJS3569Y,138209314510,1113212,Pondicherry
768,Laban Lad,darshdutta@example.com,9689034800,FTILT2711P,819179532225,951251,Morena
769,Chavvi Yohannan,vedika17@example.org,0744045697,QNLVC8022F,574480691653,1826109,Panchkula
770,Isha Mital,tpatel@example.net,3274205771,UBAUD2084K,987759113888,2306590,Raipur
771,Riya Mitra,uagate@example.com,7896274039,OZTQU3897E,162495510796,500779,Satna
772,Warjas Bhakta,ojasshroff@example.org,1799800006,HISCW1426U,406330704517,2070302,Kollam
773,Anita Khatri,teerth41@example.com,1658287125,HXQDJ8113O,964550003062,1444181,Begusarai
774,Nidra Bhatnagar,prakashbhavika@example.com,8220080008,ZSXFW4073V,572682160381,667843,Machilipatnam
775,Frado Lad,madhavi88@example.net,9374046217,AHUUE9109Z,389284113176,1509519,Surat
776,Charan Sagar,aayush68@example.com,2461408283,KOYGP3203H,244887769490,427710,Karawal Nagar
777,Ekaraj Gandhi,leelaravi@example.net,9838297531,CPDCL9004F,657633050262,2070055,Secunderabad
778,Nakul Goda,kalaaradhana@example.net,7210666886,KKBRF7995N,961625477833,401039,Mahbubnagar
779,Anita Mani,rudra17@example.org,1587335613,DHNDS8043Z,969374556965,1192744,Hajipur
780,Dayamai Yadav,sshah@example.com,9688523795,VMRJK2585A,841113296569,831158,Miryalaguda
781,Ekalinga Konda,devanchakradhar@example.com,4116054980,BCKAR7936I,773445717980,1150274,Ambarnath
782,Jhalak Buch,sachdevmaya@example.net,0502742491,UIJPM7251R,994081651307,702283,Unnao
783,Krisha Baria,dhriti40@example.net,8508555839,ITXIC8133Z,611309231418,1796277,Nanded
784,Nachiket Rana,mahajanonveer@example.org,2591829797,YAWHW7245I,516491528132,340931,Etawah
785,Tamanna Sabharwal,ekapad53@example.net,8540887946,SUTIF2017I,752893416576,1106574,Sagar
786,Isha Jha,vasatikahayre@example.com,8164615176,ZMIRU2923S,692865210432,843326,Bhopal
787,Jairaj Shah,senguptanikita@example.com,6961074466,NOXAP2095U,806113416049,1845720,Mumbai
788,Dominic Rastogi,harinikonda@example.net,2579290553,HYFYS7252R,721296504232,2050690,Bhiwani
789,Yochana Ahuja,diptanath@example.org,8067541824,TLEYR6072O,590986981736,1296846,Unnao
790,Simon Rai,jmaster@example.org,0566446116,EAPSK7748W,774525138077,1983437,Hazaribagh
791,Chandresh Babu,vrishti29@example.net,0900043855,TMGMZ3219J,904623413101,321435,Karawal Nagar
792,Advay Hegde,miteshlad@example.com,0433114821,OMCVT9190C,848190599524,2476112,Kalyan-Dombivli
793,Isaac Warrior,garaharrison@example.com,4123098633,WAXEU6984L,316528918786,1804940,Saharsa
794,Kevin Chandra,henrydube@example.org,1449500518,CWLTL6643U,985689698186,1812631,Fatehpur
795,Vihaan Narula,ekantikachaudhry@example.com,4312986907,UKQHC8453K,771307275339,2273578,Jalandhar
796,Rachana Singh,smahal@example.net,6092959980,PGDTA1382W,233335007408,2120332,Warangal
797,Anvi Oak,xluthra@example.org,4282069013,PSIEP8777F,867362729951,1804033,Kalyan-Dombivli
798,Aryan Goel,mitali23@example.net,6242488174,ASBZR7926H,660041138184,2111204,Karaikudi
799,Max Morar,ypal@example.net,7877107349,NBWWC3212B,620469325662,1365385,Avadi
800,Zansi Sathe,godapranit@example.net,1537905134,WNOKL5197J,255049761223,1384542,Muzaffarpur
801,Naksh Viswanathan,iryagarde@example.org,2444439747,BARVI3047D,339235081803,979716,Danapur
802,Darsh Srivastava,wkala@example.com,2152865973,ZGRSF9775B,849115331408,1131626,Aurangabad
803,Balhaar Varkey,hbansal@example.net,0512335651,EYFLV6261O,594414360336,1786098,Ahmedabad
804,Rushil Wason,raghavanomkaar@example.org,2358687161,PRREE9500Z,871274068136,615465,Sonipat
805,Yuvraj Ram,hanspranav@example.com,5899223924,QDMFP3302K,857739463106,1416857,Sambhal
806,Ronith Vig,sai06@example.com,2255449048,QMVOE4213N,785973569546,1449891,Rohtak
807,Siya Manda,maya93@example.net,6781560211,HMCGT1302I,840771291447,1362906,Ichalkaranji
808,Jeremiah Kant,rbiswas@example.net,5508358672,PHSER3956B,954567549443,2416779,Warangal
809,Ekiya Ramaswamy,chasmum54@example.com,7097215466,JROYP9172B,239732354584,2089522,Danapur
810,Neha Kothari,bhavika08@example.com,8658384898,NSZPG1768E,350734248546,1001328,Suryapet
811,Dhruv Naik,nagytara@example.net,1226768503,OLNQK1084H,605231086581,448830,Jodhpur
812,Krisha Viswanathan,deepa40@example.net,3239967643,JKUUT7118Y,174597620344,1219162,Ajmer
813,Oni Narain,bmangat@example.com,2251756210,UNBRL4190D,683210231062,2489145,Sikar
814,Luke Ranganathan,lsarma@example.net,2184352040,HWPKW2362T,176891619167,1636085,Thoothukudi
815,Janya Patla,evala@example.com,5670793339,IPHUO3864H,552032910591,769911,Alwar
816,Bina Menon,lbahri@example.net,5137616498,VZTMO3833J,786125983296,1493869,Cuttack
817,Falan Zachariah,tahluwalia@example.org,9437621165,DZQIR3751B,930533578926,2495571,Korba
818,Deepa Nagarajan,amitter@example.org,2311763945,QRKOE4594Q,864395134801,1909227,Shahjahanpur
819,Onkar Bir,bnadkarni@example.com,4247644242,AYSWW7185S,253184549729,1716718,Vadodara
820,Jeet Kapadia,lsengupta@example.org,2468268272,TXOSY7028R,695525861022,2387492,Shahjahanpur
821,Tanveer Parmer,kashvi32@example.com,1185117290,KCSHQ7822Z,579387365198,676830,Chittoor
822,Unni Randhawa,lakshit51@example.org,9778885171,XFLPM1943Q,237809775771,1433241,Giridih
823,Manthan Iyengar,aayush85@example.org,2259868895,GLPTB9745Q,511880466245,584683,Nandyal
824,Hemangini Mittal,dhillonvinaya@example.com,0242844897,CHBVG5716D,321969230184,1847122,Malegaon
825,Krishna Lall,bviswanathan@example.net,1087714403,CAICM7556R,818896500693,487784,Bhatpara
826,Girindra Bajaj,gaurav78@example.net,6978145373,YRNZY2639M,900713505232,1400087,Dindigul
827,Aashi Modi,baljiwankothari@example.com,4443071314,VHAMP5047T,255216174531,1684618,Bareilly
828,Onveer Kari,tiyer@example.org,8517735460,VVPGH7683G,618276033588,823646,Indore
829,Ikbal Mane,pmander@example.com,0002342157,KDGUQ4617D,913632375070,604418,Shimoga
830,Vamakshi Basak,raiumang@example.net,6604809322,QQEHD4939H,783841849635,2332708,Phagwara
831,Ekaraj Dhaliwal,amblefalguni@example.com,1301389105,ADDHE4377U,912053808396,2273344,Bhavnagar
832,Jason Mani,benraagini@example.org,0553444323,BMOZP8810I,434245380164,953014,Madanapalle
833,Tanvi Dani,chackoradha@example.org,1600524231,IBGMT2490Z,277711066119,2107521,Jabalpur
834,Idika Barad,dayamaipillay@example.org,3349725210,RIFJM8123Y,400982781743,1549955,Unnao
835,Reva Dhar,fchawla@example.net,0036065474,SQXRV5491B,483119835475,2242806,Hospet
836,Ranveer Bansal,advaithtak@example.com,3059484748,OMOBZ9195U,295164077080,1180308,Bhavnagar
837,Ikbal Bir,qasimbabu@example.com,4880154711,VTNFZ1755G,142444402359,1727749,Arrah
838,Hardik Nigam,preddy@example.org,0310080552,CCFTU1295E,282302640416,1618212,Arrah
839,Tamanna Wason,htaneja@example.org,6169680270,CNYHD3610D,801266366780,2013265,Serampore
840,Jalsa Bose,qrastogi@example.com,5837261487,HYFUI4736U,735900553567,1526777,Anantapur
841,Watika Date,msharma@example.com,5039225533,DZPYV2908T,581531419495,1665916,Panvel
842,Vihaan Dhar,fhayer@example.org,7014686503,YIWPZ1718Y,180505442374,1757608,Mumbai
843,Vasudha Garg,raoluke@example.com,5859509223,FZBCS6054B,484734257032,1667386,Bhimavaram
844,Kiaan Mohan,ojas06@example.com,3481833452,KFUPZ5844X,271059657214,1082319,Varanasi
845,Gauri Chaudhari,baljiwan19@example.net,8845657949,YHRQB5749T,818452548598,1719950,Aligarh
846,Champak Dhar,xgera@example.org,9992615478,YTDUL5599N,446224670938,1024314,Tirunelveli
847,Turvi Bhatt,ghosemitali@example.com,1018432534,QZVFW9009V,678391697214,1098310,Orai
848,Nihal Hora,ubaral@example.com,9523687875,VFMZX8352U,542578295987,2044907,Amravati
849,Fariq Bora,ahujaekansh@example.net,4147099051,NRHFX9648S,189409346575,2365605,Kumbakonam
850,Ojas Dara,dpillai@example.com,4302909358,FINLD8304N,238485498213,1759052,Agra
851,Jagat Kashyap,somdalaja@example.com,1484535172,AHWTI3451H,869278107182,1558686,Nagaon
852,Daksha Krishna,warinder65@example.net,1277652640,LURFC3200A,984041563214,881243,Sonipat
853,Nidra Wagle,meghanamanne@example.org,7849260457,SDKEK5221U,167478750746,2377031,Jaunpur
854,Adweta Nagi,kashvidave@example.org,7709949392,NCIWU6436P,389548984526,2265619,Bareilly
855,Patrick Srinivasan,pillairyan@example.com,6737397775,QJXSS1839X,466158630546,680488,Aurangabad
856,Edhitha Palan,onveerravi@example.net,7131484262,UBACU9187W,108819830991,1985514,Patiala
857,Ishanvi Cherian,virajjohal@example.net,2215911361,PQMMJ5172F,200781465073,1709616,Sri Ganganagar
858,Balvan Sood,wpatel@example.org,6701752405,KZZTJ1028I,947814949569,725971,Gandhidham
859,Amara Krishnan,mitesh70@example.org,6237627808,MQFDS9788T,615276003762,1852948,Rajahmundry
860,Dalaja Kumer,smohanty@example.com,0584257838,HSDJO4460D,844631772422,882290,Thoothukudi
861,Yachana Ahuja,oni72@example.com,8622568691,WVZNN3460Z,855998262237,1679613,Bidar
862,Rudra Loyal,mishratripti@example.com,3379634850,SUKYA9316B,442466555262,1752380,Jorhat
863,Isaiah Kumar,xpau@example.com,6284075383,GKNRQ1844U,572692117910,1905632,Ramagundam
864,Janaki Chana,kaularyan@example.com,5810783956,NQAAN8631P,659398600876,1201459,Alwar
865,Eesha De,bmunshi@example.com,4631741176,CJDVM1976T,560529031381,708414,Jamalpur
866,Baljiwan Seshadri,ypalla@example.com,9391403075,XJYME1152Q,140189076411,1563278,Sikar
867,Nisha Kata,pmalhotra@example.com,3351538408,KCJGJ5536Y,442107059144,801911,Suryapet
868,Samuel Wali,ekavirsridhar@example.com,6012937441,VIOUC3081K,517643489291,685500,Nagaon
869,Leena Maharaj,amarapall@example.com,9930498258,UQVFT7865L,875722903099,368306,Rewa
870,Alka Bera,deshpandecharles@example.org,7057078246,BPATF3694D,517427594241,1812655,Bahraich
871,Yashasvi Nath,forumvarghese@example.net,0041045492,OCYBY5389D,927507269760,693385,Kottayam
872,Amol Sheth,schandran@example.net,3728463931,SCTKF4649A,751396364813,875462,Bihar Sharif
873,Kamya Bhakta,lipikagoel@example.com,5732730802,SNUNM9586V,988691185072,478092,Ahmednagar
874,Jai Merchant,barkha66@example.net,5910592599,ZBFUF8414A,193346645091,895611,Rampur
875,Omisha Manne,thamandaksha@example.com,2224246482,RIZLV8009Z,884019374618,2039633,Adoni
876,Bhavna Munshi,qadim75@example.net,5484893145,YLGQR8552K,578012983047,943070,Jabalpur
877,Sudiksha Buch,kcheema@example.com,1593145800,GEWUG6235X,307419513193,719007,Nashik
878,Libni Bhavsar,jasonmagar@example.com,4645763715,ECJSR8588B,351473446448,1150158,Udupi
879,Megha Subramanian,vrindadate@example.com,2666614203,FVNOH9393W,188793327449,2075015,Jaunpur
880,Gaurav Barad,jhalaksunder@example.org,3363365830,VKNZN3227G,408182250364,1566222,Siwan
881,Tanmayi Vora,sinhagautami@example.org,1494302761,DJWON8277D,382118861142,1821897,Nellore
882,Bhavya Ramakrishnan,sethamrita@example.com,9927145670,OPSFQ8570N,291491200060,1875297,Kottayam
883,Jai Basak,aggarwalsai@example.net,3345893707,OCMOG3385O,388995710832,661160,Bhalswa Jahangir Pur
884,Laksh Nadkarni,balvan88@example.net,0503859799,LJBTG7933E,376809823815,618128,Sri Ganganagar
885,Dev Brar,siyapant@example.net,9932015253,FECIX6979P,365944017035,1281679,Karaikudi
886,Shravya Nath,nrandhawa@example.net,3835691050,IKZEA2040A,483174703224,719480,Sagar
887,Turvi Nagar,dominic94@example.net,8031106254,ZNVEA7927F,207425694241,2102680,Howrah
888,Thomas Ramanathan,ryanoza@example.net,3024022580,QPYJB5547X,780471967233,2368552,Sultan Pur Majra
889,Charles Dada,ganeshojas@example.net,1686089428,TNXQT6273U,285739455281,347474,Sonipat
890,Inaya Varkey,raghavdave@example.org,2892407737,UBBMH6527M,582936943270,1220355,Hyderabad
891,Warda Tiwari,bhavani50@example.org,6449979081,XYBJD5255O,341047451256,1234854,Siliguri
892,Robert Choudhary,simon92@example.com,5472949325,GTJKN3783I,925246425660,1325555,Surat
893,Azaan Varty,wbhatia@example.net,3342906638,ZOZVP5994W,250107097783,629423,Purnia
894,Vidhi Luthra,aashi04@example.org,3287107552,XEMQS9174Y,588492654805,2212898,Surat
895,Nitesh Bhattacharyya,diya40@example.net,6338913637,JPLPW6170M,965678220223,2242242,Jaipur
896,Zayyan Anand,nagarajanaarush@example.com,1973428544,BMNHE6933M,724128176790,2239226,Kottayam
897,Bahadurjit Ravi,jagratiramanathan@example.net,3388882616,EXKNP9383H,241057680550,1647312,Eluru
898,Aditya Gole,grewaleshana@example.net,0645476464,PFDUH4335C,886485916876,831827,Ambattur
899,Keya Varma,chatresh96@example.com,4874078133,FIZCM9828M,108961460745,830824,Thrissur
900,Zaitra Patil,nishabakshi@example.com,6552721802,AIFNE9406E,840021062860,1790115,Bidhannagar
901,Ekta Sathe,forumyogi@example.com,9216552955,CRJCN8775Q,845018137609,1897326,Rourkela
902,Waida Shenoy,mugdha64@example.net,5844332084,HICTX1528Y,658412394273,2067200,Rohtak
903,Timothy Kamdar,xbala@example.com,8687621018,TGRGH4276C,566618336725,2495440,Narasaraopet
904,Falak Rana,upadhriti61@example.com,9045297705,YDRTP9058Y,785293695758,1286784,Korba
905,Omisha Kala,urai@example.com,7947931136,ZNCJG7026O,285899537559,1156433,Berhampore
906,Advik Seth,naveenbahri@example.com,4096022661,EUBWY3569J,635758391396,1908875,Khandwa
907,Theodore Sethi,priya71@example.com,7920311704,BMFFU5700V,477154097887,1424571,Rourkela
908,Kiaan Chandra,nishasachdeva@example.net,6507988229,UMLYY5436T,342172431631,778840,Aizawl
909,Nathan Wable,palanonveer@example.net,5703510948,XJCQY4597N,270272009390,1367166,Agartala
910,Warhi Rastogi,charleskaur@example.org,1476424224,PPIFT6096M,626562171093,1986505,Farrukhabad
911,Vedika Barad,sawhneytarak@example.org,8636463239,TQERP3600U,170742640243,974049,Chinsurah
912,Nathan Mukherjee,kothariudant@example.org,9646738009,MVWBN1602M,591899752762,2480444,Miryalaguda
913,Bhanumati Varma,gunbirdara@example.org,7703957936,OCIHG5498S,263792288048,1964972,Panvel
914,Anay Tandon,twadhwa@example.com,6779030705,YSBEV7002F,994845126375,438015,Jammu
915,Daksh Mahal,bbhandari@example.net,6105548186,NMISU6722W,211043821274,585507,Gudivada
916,Unni Sangha,aryamital@example.org,1686532407,UCUSC1264E,777679426159,421756,Baranagar
917,Reva Kaur,nzacharia@example.net,0158483299,FEVJJ9048E,750899195554,1497072,Meerut
918,Arjun Edwin,ubhat@example.com,5257098487,VZBGJ5658R,356585725394,846703,Tirupati
919,Idika Manne,chandransahni@example.net,7352966690,DUGYZ8336J,139046171441,1692567,Ramgarh
920,Rachita Das,tanvisangha@example.com,8033701886,EYDRP6090X,662327457247,378759,Firozabad
921,Veer Shroff,ayushmanbalan@example.net,1644406891,FGTUQ9997T,869344776376,1571505,Vasai-Virar
922,Yug Bhattacharyya,ikbal45@example.net,4831748483,QFFUY6047X,319874734047,2382115,Ozhukarai
923,Nilima Wadhwa,kamala85@example.org,0259362483,DEAJH4102S,720099765404,2487413,Bhatpara
924,Forum Kadakia,ghayer@example.net,2507214830,GOAPA3474H,676590768775,2034635,Tiruppur
925,Guneet Merchant,gchar@example.com,5413757133,FLIAV5122D,452971349778,412660,Bharatpur
926,Theodore Parekh,gopalsura@example.org,0737429410,QKVFY1135K,180307087426,762089,Karnal
927,Zayyan Shenoy,zashil40@example.com,1391498772,LWBYJ5841D,158078534021,2094969,Faridabad
928,Shivani Mittal,chackoadvay@example.com,1669794576,CYSQQ8299D,716273773610,554071,Noida
929,Ekapad Pandya,vedabhatti@example.net,5426931164,YQRWG4781B,634007740787,901617,Mysore
930,Champak Bhat,unni26@example.org,1293083992,SHNWF2172Z,604071357589,882729,Jabalpur
931,Nimrat Iyengar,veer82@example.org,6829761270,BKKCQ4599E,557748217421,2125983,Chittoor
932,Upma Edwin,tsetty@example.com,3069919998,TCRJK3655L,364897112299,1493554,Jhansi
933,Quincy Natt,yagnesh29@example.net,8653935898,IVNQF1836V,289601167994,1725856,Hajipur
934,Caleb Dua,owen06@example.org,3887873562,APHZI2350S,347469189683,1949349,Maheshtala
935,Finn Andra,sanghafaqid@example.com,9022192984,GEUEC9063N,197570844224,496697,Kishanganj
936,Ishwar Pai,sarthak26@example.com,0482254313,WXDFB9468T,115201376236,2079058,Latur
937,Avi Mody,vupadhyay@example.org,9767781932,SNSYE9990Q,602542497700,624899,Ballia
938,Balvan Chandran,keerlavanya@example.org,9279589794,MLQEF2103W,432708495406,641504,Sambalpur
939,Arjun Guha,harish06@example.net,7033183856,QRZJI5074G,339826514288,2292033,Siwan
940,Qushi Dua,duttaaadhya@example.net,1414523617,RDKZJ2312T,894798502746,1045344,Pudukkottai
941,Samuel Bose,wdass@example.org,0772646641,ICDDN4717I,500540028121,1297493,Vadodara
942,Banjeet Bedi,rattanharita@example.org,2819821182,DGCWV5264L,367420764924,2110700,Bhiwani
943,Ishwar Devi,ekalingachahal@example.org,0277627283,GZCIS4889R,252132341777,2062398,Maheshtala
944,Yuvraj Puri,bachittar57@example.net,5053369118,XDJQK2667V,471026145865,2370378,Bhilwara
945,Krishna Tripathi,ykakar@example.com,4212680230,CNVHX1993Y,445818736250,1340366,Begusarai
946,Gaurangi Gade,srinivasanlekha@example.net,8402166464,GXNUS1089E,952815174089,2110941,Warangal
947,Warjas Kibe,gaurang69@example.net,2830839555,LYRYP9181G,344490346990,985018,Karimnagar
948,Riya Dani,shivani44@example.net,6982026044,VZDEL9614U,856819665157,1217665,Raurkela Industrial Township
949,Oviya Chaudhary,zarnakari@example.org,9826695601,CXDDW3627U,124666322234,2215846,Bhiwandi
950,Osha Dixit,nihal59@example.com,7080344826,HVABR9686T,195439788313,439060,Rampur
951,Om Ganesan,kaleria@example.org,7025679862,JNSQZ5092G,225848648621,2259275,Gandhinagar
952,Bishakha Butala,urishilla49@example.net,9102275490,RSRYJ2573Z,839299572165,1305383,Ambattur
953,Daksh Dalal,wmemon@example.net,6011367906,AXLUN6585Z,180803071839,1239023,Haridwar
954,Tejas Shah,usaha@example.com,1133583478,KGWFP7634W,381360558388,1579178,Dhule
955,Falguni Mani,jeevika65@example.net,6022141280,FFZZY1973A,921619492546,314978,Nangloi Jat
956,Ayush Biswas,gillanay@example.net,7656067845,PDXTP3378F,174967470215,2471166,Rajahmundry
957,Balendra Chakrabarti,ckaur@example.org,9070704587,UWXGX4179J,617720242925,725989,Fatehpur
958,Wahab Choudhary,sneha51@example.org,4391314401,FGBBR8081Z,513801460750,679128,Muzaffarnagar
959,Ekani Kumer,ishwarrao@example.net,1417827679,ILLCE7599W,347218674179,790761,Udupi
960,Gaurav Mane,urishillahora@example.net,4375936094,DUXDD8245Y,866996937660,1762337,Farrukhabad
961,Anika Kata,bakshiladli@example.com,8123322617,CQLPW6720B,881050100418,1018226,Bhilwara
962,Gavin Tandon,gillliam@example.net,6213623687,YDWUZ4428Q,684909729522,1485762,Serampore
963,Faqid Munshi,pradhansaumya@example.net,3410776374,YUTKX3188D,807413683532,649768,Guwahati
964,Anusha Chatterjee,gnagi@example.com,6221020380,JCMTT8999K,284102929588,1831956,Bokaro
965,Omkaar Mitter,chowdhurypooja@example.net,6535727735,MNPLA5945F,716219219792,1005161,Patna
966,Oliver Mand,fariq53@example.com,5126464003,IMVZC4796R,146999886369,1389612,Raichur
967,Qushi Mistry,dattaabhimanyu@example.org,2865387282,BSLCJ1330R,857464222694,1329211,Guwahati
968,Tejas Anand,hayernidra@example.com,7823835293,GQOME7550V,760663059525,1551888,Jorhat
969,Chaaya Tata,vigsara@example.com,1920458660,TRLTB1590T,525755689333,2151464,Kolhapur
970,Kai Nair,vpatil@example.org,1045023849,HFFHH4753J,149242714507,2278509,Gandhinagar
971,Tamanna Goyal,contractormadhavi@example.org,5145827855,BBSVV8519V,179759397662,790549,Shivpuri
972,Adya Mangat,kallacharan@example.net,4396907230,SKHZE9667D,921746216984,769417,Durg
973,Dev Varma,krisha21@example.org,8805746829,QBELT6459E,273209931890,1331666,Vadodara
974,Upadhriti Parsa,dugaladya@example.net,6853577024,KWCAT4768E,261403321111,1981286,Pudukkottai
975,Jairaj Badal,amol57@example.org,2468212463,NLQKB8389B,573529394367,2346514,Haridwar
976,Pranav Kaul,leela97@example.com,9264010206,TZBIG3968X,483627783905,1209094,Durg
977,Gaurika Ganesan,mannanekbal@example.com,3194196192,IAYIJ4148B,741803606450,1865358,Nangloi Jat
978,Leela Chokshi,paiisha@example.org,6212277958,HUSYJ5643Z,611129087276,2257372,Gurgaon
979,Jagvi Pall,gagansodhi@example.org,9238785296,IGDCW9369S,107864161736,1720346,Hindupur
980,Anusha Murthy,advay46@example.com,7978787326,ZOSHS3138D,855969660014,1615466,Phusro
981,Bina Goyal,falan05@example.com,2829439540,XXBZV7829S,873371221468,944758,Tezpur
982,Agastya Sehgal,urmisekhon@example.com,8141795406,DSPYB1008L,770307223702,1653181,Nagpur
983,Maya Mohan,bajwamanan@example.org,9445096231,VLNVZ9824Q,342170126191,1494057,Serampore
984,Ira Sarkar,upkaarsahota@example.com,4969185868,GOBNI7130C,917241190998,2243203,Chennai
985,Aashi Sampath,sathvikpalla@example.net,7372725725,KZYDT3250A,282736488806,1583399,Muzaffarnagar
986,Ekanta Barad,abhirampadmanabhan@example.net,1778431033,TQXXN4905K,878501904473,666258,Siliguri
987,Balveer Bhatia,tbhavsar@example.com,0898871820,PUJIW3342D,613170713845,2458441,Rourkela
988,Mohini Subramanian,sachi25@example.org,8820094427,ARVZG1803F,106680845179,1389471,Gulbarga
989,Henry Kakar,xsant@example.com,6370842249,QRMKC7735V,669344740144,776810,Sangli-Miraj & Kupwad
990,Amrita Wason,hrastogi@example.org,2911910253,ECLFM2250M,846244757418,1200793,Ranchi
991,Faris Sachdeva,fgupta@example.org,6402634643,BCEYQ4122T,361119387490,2284469,Jaunpur
992,Eshana Muni,jairaj64@example.org,3708989725,OTXRI6983G,133577333249,848483,Thanjavur
993,Bimala Halder,sbajaj@example.org,8850297644,KHWJF4445T,252781615268,2130140,Bathinda
994,Panini Handa,jray@example.org,4724809937,VMAEG4104N,350713808051,645850,Shivpuri
995,Elijah Deep,meghanasabharwal@example.net,5161066512,AJAMR3568J,308955929153,2305514,Rourkela
996,Finn Mangat,meerabajwa@example.com,0016028085,JVOSC6401S,477603547838,445670,Chandigarh
997,Vedhika Yogi,sswaminathan@example.net,0571657052,YDMAO8376S,350646045489,1774944,Tiruvottiyur
998,Abdul Kadakia,sakshamborde@example.net,2460672600,MWALD3075D,191390355042,1780654,Nizamabad
999,Kamala Barman,chhabrapatrick@example.org,9225948668,ZGTDA2786K,750496751903,478944,Gangtok
1000,Baljiwan Salvi,bmurty@example.org,5825850428,VQWEZ8077G,133833067243,604751,Gaya
